label,prediction,ec3
1,0.9999998807907104,1
1,0.9999997615814209,1
1,0.9999998807907104,1
1,1.0,1
1,0.9999997615814209,1
1,0.9999995231628418,1
1,0.9999998807907104,1
1,0.9999970197677612,1
1,0.9999997615814209,1
1,0.9999990463256836,1
1,0.9999998807907104,1
1,0.9999998807907104,1
1,0.9999994039535522,1
1,0.9999998807907104,1
1,0.0031996441539376974,1
1,0.9999998807907104,1
1,0.9999992847442627,1
1,0.9999998807907104,1
1,1.0,1
1,0.9999756813049316,1
1,0.9999675750732422,1
1,0.9999997615814209,1
1,0.9999998807907104,1
1,0.9999996423721313,1
1,0.9999985694885254,1
1,0.9999997615814209,1
1,0.9999998807907104,1
1,0.9999998807907104,1
1,0.9999997615814209,1
1,0.9999997615814209,1
1,1.0,1
1,0.9999984502792358,1
1,1.0,1
1,0.003593395696952939,1
1,0.9999996423721313,1
1,0.9999997615814209,1
1,0.9999997615814209,1
1,0.9999998807907104,1
1,0.39397749304771423,1
1,0.9999998807907104,1
1,1.0,1
1,0.999998927116394,1
1,0.9999972581863403,1
1,0.9999980926513672,1
1,0.9279430508613586,1
1,0.9999997615814209,1
1,0.9999994039535522,1
1,0.999997615814209,1
1,0.9999991655349731,1
1,1.0,1
1,0.9999998807907104,1
1,0.9726005792617798,1
1,0.0036155376583337784,1
1,0.9999998807907104,1
1,0.9999986886978149,1
1,0.9999986886978149,1
1,0.9999998807907104,1
1,0.9999978542327881,1
1,0.999998927116394,1
1,0.9999998807907104,1
1,0.9999984502792358,1
1,0.9999997615814209,1
1,0.9999998807907104,1
1,0.9999998807907104,1
1,0.9999998807907104,1
1,0.9999983310699463,1
1,0.9999998807907104,1
1,0.9999996423721313,1
1,0.9999978542327881,1
1,0.9999998807907104,1
1,0.9999794960021973,1
1,0.9999998807907104,1
1,0.9998823404312134,1
1,0.9999998807907104,1
1,0.9999998807907104,1
1,0.9999998807907104,1
1,1.0,1
1,0.9999998807907104,1
1,0.9999994039535522,1
1,1.0,1
1,0.9999998807907104,1
1,0.9999983310699463,1
1,0.9999997615814209,1
1,0.9999998807907104,1
1,0.9999995231628418,1
1,0.9999997615814209,1
1,0.9999994039535522,1
1,0.9999970197677612,1
1,1.0,1
1,0.9999997615814209,1
1,0.0032027680426836014,1
1,0.9999997615814209,1
1,0.999994158744812,1
1,1.0,1
1,0.9999996423721313,1
1,0.9999998807907104,1
1,0.9999998807907104,1
1,0.9999998807907104,1
1,0.005214940756559372,1
1,0.9999998807907104,1
0,1.2708955e-06,2
0,3.4442694e-06,2
0,1.0327792e-07,3
0,4.13704e-06,1
0,2.6216902e-08,2
0,5.0786102e-06,1
0,5.91883e-06,2
0,1.0561664e-07,2
0,5.2466527e-05,2
0,2.2869195e-07,3
0,3.3368335e-05,2
0,5.833606e-07,3
0,3.22895e-08,3
0,9.614486e-08,2
0,1.6503527e-06,99
0,1.1653717e-07,2
0,1.0579426e-07,3
0,8.463559e-06,2
0,5.4856713e-07,3
0,3.880158e-07,3
0,9.574954e-07,2
0,4.7502652e-08,2
0,6.020587e-08,3
0,8.889301e-08,2
0,1.1364711e-07,3
0,6.716265e-06,2
0,5.4038364e-06,2
0,7.2550625e-07,1
0,7.408571e-08,2
0,1.3029494e-07,3
0,7.612405e-08,2
0,1.1749044e-06,1
0,1.7787734e-07,2
0,4.860189e-08,3
0,5.2747646e-07,3
0,6.31197e-07,2
0,5.2077263e-07,3
0,8.701818e-08,2
0,8.316468e-06,1
0,0.005602989,2
0,1.0448895e-07,3
0,1.598761e-07,3
0,5.4637272e-08,2
0,4.518096e-08,2
0,4.7493922e-06,2
0,2.3577057e-07,3
0,2.5280764e-07,3
0,1.0609717e-07,3
0,9.868316e-08,3
0,0.00062439503,1
0,4.779859e-06,2
0,7.974597e-08,2
0,1.117434e-06,1
0,5.6379777e-06,1
0,1.5852212e-06,1
0,7.996972e-08,2
0,1.7047032e-06,1
0,2.0949659e-07,3
0,2.526628e-07,2
0,8.704523e-08,2
0,4.8991865e-08,3
0,1.00528794e-07,2
0,6.4158165e-08,2
0,9.263138e-05,2
0,1.9820378e-05,2
0,2.5280764e-07,3
0,5.3939743e-07,99
0,1.09693495e-07,2
0,2.7565602e-06,1
0,3.8564767e-08,2
0,1.13896114e-07,3
0,1.8848012e-06,3
0,4.367299e-07,2
0,3.5274635e-07,3
0,3.5765808e-07,3
0,8.955536e-08,2
0,7.612405e-08,2
0,1.0646246e-05,2
0,1.1165622e-07,3
0,5.390308e-07,1
0,1.0115871e-07,2
0,5.2855185e-06,2
0,1.4954611e-06,99
0,4.19091e-06,2
0,1.5587734e-06,2
0,7.5672115e-06,1
0,3.6996237e-08,3
0,3.031621e-07,1
0,9.041856e-06,1
0,5.9276813e-06,2
0,6.9833886e-06,2
0,1.8734112e-07,2
0,1.5610451e-06,2
0,7.280063e-08,2
0,9.328905e-08,2
0,6.369373e-08,3
0,1.6248037e-05,2
0,4.374995e-07,3
0,1.9141337e-06,2
0,1.3074603e-07,2
0,1.173316e-05,1
0,1.579077e-07,3
0,2.7368431e-08,3
0,7.234771e-08,2
0,4.9251616e-06,1
0,6.247036e-08,2
0,1.013317e-06,3
0,3.2929188e-07,3
0,4.987412e-07,3
0,2.0408866e-08,2
0,3.62116e-08,3
0,1.2161669e-06,1
0,1.0481932e-05,1
0,6.963339e-07,2
0,8.3230255e-08,2
0,1.3317582e-07,2
0,4.717063e-07,3
0,1.1004519e-06,2
0,4.9186795e-08,3
0,5.628012e-08,2
0,2.8424301e-06,2
0,6.968993e-08,3
0,1.0115176e-07,2
0,1.0495034e-07,3
0,6.3336206e-06,2
0,7.844272e-08,2
0,7.967534e-06,2
0,2.9167404e-06,2
0,1.5111046e-07,3
0,5.516211e-06,3
0,2.937846e-07,1
0,1.4217181e-06,2
0,1.6349225e-07,3
0,0.0012599372,1
0,2.1794175e-07,3
0,6.4347223e-06,2
0,3.0054824e-07,3
0,1.0912981e-05,1
0,1.5329847e-07,2
0,3.952768e-08,2
0,6.6551635e-08,2
0,2.8568582e-08,2
0,2.7368431e-08,3
0,2.7821011e-08,3
0,4.6090718e-06,2
0,2.9414787e-06,2
0,1.1794792e-06,1
0,5.0216464e-08,2
0,1.0078202e-07,2
0,1.5962805e-06,1
0,3.4167115e-07,3
0,2.016646e-06,2
0,3.3811466e-05,2
0,2.0207358e-07,3
0,2.834667e-07,3
0,2.601862e-07,1
0,4.3881653e-07,3
0,1.4757536e-07,3
0,1.5247846e-07,2
0,6.9187706e-08,2
0,2.8023849e-06,1
0,2.9675803e-05,2
0,2.7889604e-08,2
0,4.2768804e-08,2
0,4.022611e-06,2
0,4.661791e-08,3
0,1.7024724e-06,1
0,1.6120409e-06,2
0,7.385898e-08,2
0,3.4429092e-06,2
0,1.5828671e-05,2
0,1.0593115e-07,3
0,1.3978327e-07,3
0,5.1049692e-08,2
0,3.4726502e-06,1
0,7.0308084e-07,1
0,5.658257e-07,1
0,2.6797748e-08,3
0,4.2059185e-08,3
0,3.3118035e-06,1
0,4.648944e-06,2
0,3.2717064e-06,2
0,9.336916e-08,2
0,6.727682e-06,2
0,4.1725027e-08,2
0,1.2979514e-07,3
0,2.0986064e-08,2
0,8.064292e-08,3
0,4.0698424e-08,3
0,3.7155626e-08,3
0,7.392831e-08,2
0,1.4217181e-06,2
0,9.544253e-08,2
0,2.180438e-07,3
0,8.507286e-07,2
0,7.652205e-08,2
0,0.015872562,2
0,4.86018e-07,3
0,8.762008e-08,2
0,1.6503527e-06,99
0,0.0019715372,1
0,3.6202769e-06,1
0,1.07386924e-07,3
0,1.2368082e-07,3
0,1.5412982e-06,1
0,3.0706522e-07,2
0,3.949819e-09,3
0,5.0863665e-08,3
0,8.959961e-08,2
0,1.6084581e-07,2
0,7.295173e-08,2
0,7.265654e-06,2
0,1.6296764e-07,2
0,2.5769311e-06,1
0,4.6555942e-06,2
0,1.0166361e-06,1
0,2.9317134e-06,2
0,0.0005731999,2
0,1.1692329e-06,1
0,9.1338984e-07,1
0,7.1014637e-07,2
0,9.788346e-08,3
0,1.2077699e-06,99
0,2.3645892e-07,3
0,1.8670593e-05,2
0,2.6367092e-05,2
0,1.3781289e-06,1
0,8.777933e-08,2
0,1.1902676e-07,2
0,2.7699157e-06,99
0,8.100163e-08,2
0,9.119293e-07,99
0,5.3189293e-08,3
0,4.5983024e-06,1
0,7.028898e-07,2
0,6.417248e-08,2
0,3.608098e-05,2
0,1.1335009e-07,2
0,2.7716358e-06,2
0,1.17094075e-07,2
0,2.5469586e-05,2
0,0.00094146666,2
0,1.0590873e-07,2
0,2.9776963e-08,2
0,2.5517417e-07,3
0,8.564872e-07,99
0,3.138904e-06,1
0,1.4640837e-07,3
0,5.1269577e-05,2
0,2.7081589e-08,2
0,1.8861023e-05,2
0,6.6180803e-07,99
0,2.3132113e-06,2
0,3.8176413e-06,2
0,5.9050393e-08,2
0,4.1725027e-08,2
0,0.0015713285,2
0,1.5417787e-07,3
0,3.138904e-06,1
0,5.066885e-08,2
0,2.3849736e-08,2
0,1.0843771e-06,1
0,7.6105184e-06,2
0,9.38688e-06,2
0,1.3597666e-07,2
0,2.7821011e-08,3
0,9.67942e-06,1
0,1.6429217e-07,3
0,9.3947236e-08,2
0,0.00058878976,1
0,9.003422e-08,2
0,4.547882e-07,2
0,6.0531725e-08,2
0,1.819268e-08,2
0,8.5180446e-08,2
0,7.612405e-08,2
0,7.5025945e-08,2
0,6.7226335e-07,2
0,4.895889e-07,3
0,1.6084581e-07,2
0,1.206358e-07,2
0,0.00013211188,2
0,3.5201213e-06,1
0,1.2949448e-06,2
0,1.0736189e-08,1
0,2.1274793e-08,2
0,3.3801538e-07,3
0,2.1392029e-07,3
0,1.0160516e-05,2
0,3.5765808e-07,3
0,4.204455e-07,3
0,3.880158e-07,3
0,2.5824875e-08,3
0,2.5662388e-05,2
0,5.5400017e-07,3
0,9.150545e-08,2
0,1.3045707e-07,3
0,6.1611985e-08,2
0,4.0779628e-07,3
0,2.0872973e-08,2
0,3.1577486e-07,3
0,9.780787e-08,3
0,5.8379694e-08,3
0,1.2842582e-07,3
0,1.1740213e-07,3
0,1.1125247e-08,2
0,1.08587926e-07,3
0,2.7520214e-06,1
0,4.1618196e-06,2
0,4.649697e-07,2
0,2.9706139e-06,1
0,2.3303997e-07,2
0,1.3835835e-06,2
0,2.23293e-06,2
0,1.065373e-05,1
0,4.06077e-08,2
0,3.0189256e-06,1
0,9.003422e-08,2
0,2.7005349e-08,2
0,1.7520381e-07,3
0,1.1728206e-07,3
0,8.33862e-07,1
0,1.0117338e-07,2
0,5.2984557e-08,3
0,8.85907e-08,3
0,1.1479545e-07,2
0,1.8785872e-07,2
0,1.0064953e-06,2
0,3.0423664e-07,3
0,3.3178015e-08,3
0,3.0955798e-05,1
0,3.790223e-06,1
0,2.6797748e-08,3
0,1.2116382e-06,3
0,0.00047536514,1
0,2.34905e-06,3
0,2.5816735e-06,2
0,9.633454e-07,2
0,4.433515e-08,2
0,5.115314e-06,2
0,3.9703102e-07,3
0,8.33862e-07,1
0,1.4927008e-07,2
0,1.7068222e-08,2
0,7.8817345e-07,2
0,8.4572446e-07,1
0,1.7498703e-06,2
0,4.7955973e-07,3
0,5.490434e-07,3
0,1.395756e-07,3
0,9.62858e-08,3
0,3.3775912e-08,2
0,1.9687342e-08,2
0,1.9216895e-06,1
0,5.1048527e-08,3
0,8.0465455e-08,2
0,3.4199743e-08,2
0,1.7109542e-07,3
0,2.2449563e-05,1
0,1.1433725e-06,1
0,1.182418e-05,1
0,4.7276234e-07,3
0,3.3118035e-06,1
0,7.967224e-08,2
0,5.033201e-08,2
0,1.1002666e-07,2
0,5.8499072e-08,3
0,6.078277e-06,2
0,1.0,1
0,1.2904226e-07,2
0,1.3844057e-06,2
0,1.2731309e-07,2
0,5.83409e-07,1
0,8.316539e-06,1
0,1.3291546e-07,3
0,7.8817345e-07,2
0,5.1806733e-06,2
0,2.0777412e-07,3
0,3.1477126e-07,3
0,1.6296764e-07,2
0,3.715319e-07,3
0,5.6292677e-08,2
0,2.2221566e-05,2
0,1.3899188e-05,1
0,1.2177775e-07,2
0,7.6768664e-08,2
0,7.37628e-07,3
0,1.4639468e-07,3
0,0.00023639442,1
0,3.6119786e-08,2
0,2.528228e-08,3
0,7.0547785e-06,2
0,1.4123762e-05,1
0,1.2291107e-08,2
0,6.8262925e-06,2
0,1.9482289e-07,3
0,2.5433164e-06,1
0,1.465461e-07,2
0,3.212913e-07,3
0,5.922206e-08,3
0,1.4477652e-06,2
0,4.337624e-08,3
0,1.8244165e-07,3
0,6.912155e-07,1
0,7.6286015e-05,2
0,2.0632474e-08,2
0,4.1248113e-06,2
0,6.3469533e-06,2
0,6.912155e-07,1
0,1.207067e-07,2
0,1.1171816e-06,2
0,0.0003670657,2
0,1.4217181e-06,2
0,3.415517e-06,2
0,2.7371152e-06,1
0,9.003422e-08,2
0,2.9522198e-06,2
0,7.954257e-08,2
0,6.435769e-08,2
0,8.68199e-06,1
0,1.13059684e-07,3
0,1.4542383e-07,2
0,2.538341e-08,3
0,2.2418159e-07,2
0,3.5280177e-08,2
0,7.8817345e-07,2
0,2.5765107e-06,2
0,9.982418e-07,3
0,1.2601477e-07,3
0,1.4642553e-07,2
0,5.83409e-07,1
0,5.6892776e-07,1
0,0.00042243252,1
0,1.5715251e-07,3
0,2.5656678e-07,2
0,9.003422e-08,2
0,3.212913e-07,3
0,8.893423e-08,2
0,1.3750514e-07,3
0,5.793659e-07,1
0,2.6656124e-05,2
0,2.3136158e-08,2
0,3.8941891e-07,3
0,8.893389e-08,3
0,1.5523307e-07,3
0,4.734671e-08,3
0,5.2747646e-07,3
0,6.952092e-08,2
0,8.1856e-08,2
0,9.491479e-08,2
0,0.036606435,2
0,3.875834e-06,2
0,3.0106083e-08,3
0,4.0316827e-08,3
0,1.4307697e-07,3
0,4.3641235e-06,1
0,2.0907706e-07,2
0,3.880158e-07,3
0,1.275334e-07,3
0,1.236517e-07,2
0,2.6204762e-06,2
0,1.1403381e-07,2
0,1.2165225e-07,2
0,1.3629565e-07,3
0,2.3350005e-07,3
0,3.2016726e-07,3
0,1.1077399e-07,2
0,0.0010877433,1
0,2.2377035e-08,2
0,9.1170094e-08,3
0,4.6635836e-07,3
0,1.6084581e-07,2
0,4.0112944e-08,2
0,1.1701928e-07,2
0,3.0363518e-07,3
0,1.2916156e-07,3
0,2.4788014e-06,2
0,1.034128e-06,1
0,6.713966e-08,3
0,8.715322e-08,3
0,7.338533e-08,2
0,1.1503702e-06,2
0,1.1776212e-06,1
0,3.1109028e-06,1
0,4.2589602e-07,3
0,8.760002e-08,2
0,2.655037e-07,1
0,3.894649e-06,3
0,1.22549e-07,3
0,7.679752e-08,2
0,2.1073142e-06,2
0,3.850876e-06,3
0,9.056608e-08,2
0,6.752738e-08,2
0,8.9414607e-07,2
0,3.6944168e-06,1
0,2.947937e-05,1
0,1.6708515e-06,2
0,6.878546e-08,2
0,7.5466986e-08,2
0,2.869257e-06,1
0,3.8001943e-08,3
0,5.367301e-07,3
0,6.440579e-06,2
0,3.4328111e-06,2
0,2.8583543e-06,3
0,7.555183e-06,2
0,4.3679174e-06,2
0,2.841005e-07,1
0,1.3750514e-07,3
0,1.0907518e-05,2
0,8.641249e-08,2
0,1.0802505e-06,1
0,1.6754885e-07,3
0,1.3750514e-07,3
0,5.0863665e-08,3
0,5.437251e-06,1
0,3.8483614e-07,99
0,9.935209e-08,2
0,2.5009093e-08,2
0,7.612405e-08,2
0,3.1485133e-08,3
0,2.7839462e-06,2
0,1.529709e-07,2
0,1.5427847e-06,2
0,0.00013320048,2
0,1.7633208e-07,3
0,2.961808e-08,3
0,5.3210293e-08,2
0,7.738264e-07,3
0,1.9288562e-05,2
0,9.637639e-06,2
0,1.8656235e-07,2
0,1.9452509e-07,2
0,5.825678e-08,2
0,1.3283336e-07,3
0,3.3709174e-08,3
0,1.01933836e-07,3
0,8.611142e-06,2
0,3.6615296e-07,3
0,3.814228e-07,2
0,4.479472e-06,2
0,3.93431e-07,1
0,7.240568e-08,2
0,1.0736189e-08,1
0,5.8145156e-07,1
0,2.900456e-07,2
0,1.0851385e-06,3
0,3.839135e-06,2
0,1.976943e-06,1
0,4.4851043e-07,3
0,1.3182704e-07,3
0,5.302226e-08,2
0,3.2458836e-06,1
0,6.356073e-08,3
0,1.5467505e-05,2
0,2.4802952e-07,2
0,1.0736189e-08,1
0,3.6119786e-08,2
0,4.5172446e-06,2
0,5.0166336e-06,2
0,2.7413682e-07,2
0,1.76489e-05,1
0,5.0692565e-06,2
0,1.0258587e-07,2
0,6.7553395e-07,3
0,1.9886534e-06,2
0,5.037148e-08,2
0,5.512301e-05,1
0,8.212965e-06,1
0,8.704805e-08,2
0,9.215197e-06,2
0,1.60139e-07,3
0,6.9010894e-06,2
0,1.9187574e-08,2
0,1.299635e-06,1
0,3.5663042e-08,2
0,3.0098192e-07,3
0,5.922387e-08,3
0,3.9422607e-06,2
0,6.530762e-08,2
0,6.337309e-08,2
0,2.2749807e-08,2
0,2.7716358e-06,2
0,5.706792e-08,3
0,1.3723286e-08,2
0,3.242301e-06,1
0,2.5032175e-05,2
0,3.7731e-06,2
0,0.00017935534,1
0,6.978303e-06,1
0,3.4800294e-07,3
0,1.8843502e-07,3
0,0.9999778,1
0,9.402285e-07,1
0,1.8383382e-05,2
0,1.7616198e-07,3
0,9.504973e-07,99
0,1.11884106e-07,2
0,2.0880327e-07,3
0,3.541134e-07,1
0,2.344416e-05,1
0,3.880158e-07,3
0,5.367035e-07,1
0,3.653584e-07,2
0,2.1429756e-08,3
0,6.205839e-08,2
0,3.0098192e-07,3
0,2.4841968e-06,3
0,1.0,1
0,1.6293884e-08,2
0,4.0491295e-06,1
0,2.158043e-06,2
0,5.488793e-06,3
0,6.011006e-08,2
0,5.444368e-08,2
0,2.389621e-07,3
0,9.940988e-06,2
0,9.197141e-08,3
0,0.0001248631,2
0,3.041286e-06,2
0,1.791917e-08,2
0,1.0648682e-07,2
0,3.623254e-06,2
0,4.932297e-06,2
0,1.9366288e-07,3
0,9.381312e-08,2
0,2.84827e-07,3
0,5.6418866e-08,3
0,5.192168e-06,2
0,1.201309e-07,2
0,1.3750514e-07,3
0,1.8186388e-07,3
0,1.5913096e-05,2
0,4.715264e-06,1
0,1.4455286e-07,2
0,1.5247676e-05,2
0,3.1942814e-06,2
0,1.1890444e-05,1
0,1.5422684e-07,3
0,1.7978248e-07,2
0,4.95035e-06,2
0,3.4442694e-06,2
0,7.114568e-08,2
0,4.9467726e-05,2
0,4.4257078e-08,2
0,1.1473732e-07,2
0,1.9003306e-07,3
0,1.09693495e-07,2
0,1.5627473e-05,2
0,4.5627e-07,2
0,7.2245996e-07,1
0,1.1712461e-06,2
0,7.045871e-08,2
0,8.678041e-06,2
0,4.6381388e-06,2
0,5.9589627e-08,2
0,5.115314e-06,2
0,3.2394637e-06,2
0,6.63243e-08,2
0,9.608987e-06,2
0,3.300459e-06,1
0,1.06249864e-07,2
0,7.5434606e-08,2
0,7.977996e-06,2
0,5.071578e-06,2
0,1.2172084e-07,3
0,1.9808038e-05,1
0,6.564844e-08,2
0,3.6568888e-06,2
0,5.303046e-08,2
0,3.1533876e-08,3
0,1.5994527e-08,2
0,3.234658e-08,3
0,2.9481492e-07,2
0,1.9148443e-07,1
0,1.701876e-05,1
0,1.1364711e-07,3
0,2.2955003e-07,1
0,1.17981166e-07,2
0,1.0851385e-06,3
0,5.419947e-07,2
0,4.0048885e-08,2
0,7.74446e-08,3
0,1.1868452e-08,2
0,3.2319067e-06,1
0,1.3297974e-07,3
0,1.9308882e-05,1
0,4.4751664e-07,3
0,1.63472e-05,2
0,5.643868e-06,1
0,3.135293e-06,2
0,3.880158e-07,3
0,2.486067e-05,1
0,5.4622888e-08,3
0,8.765031e-07,3
0,1.8214787e-05,1
0,4.2520605e-07,2
0,4.6347827e-06,1
0,4.42847e-05,1
0,4.843277e-06,1
0,9.30936e-07,3
0,2.6565158e-06,3
0,2.6485577e-07,3
0,6.558861e-07,3
0,1.2477896e-07,3
0,2.676483e-06,1
0,3.335287e-06,1
0,4.1676796e-07,2
0,3.7474026e-06,2
0,9.098786e-08,2
0,4.2754027e-06,2
0,7.209933e-08,3
0,9.822346e-08,2
0,8.249534e-08,3
0,4.681162e-08,3
0,9.560031e-08,2
0,2.3268274e-06,2
0,3.234108e-06,2
0,3.894649e-06,3
0,4.072739e-08,3
0,7.759948e-06,1
0,3.3673782e-06,2
0,4.950879e-06,1
0,6.0952148e-06,1
0,1.4217181e-06,2
0,1.0415022e-05,2
0,2.5708678e-06,2
0,3.039891e-06,2
0,1.5563701e-06,1
0,3.3364988e-06,2
0,4.5657566e-06,1
0,4.0477552e-08,3
0,1.2766482e-07,2
0,4.1609315e-08,2
0,1.2056819e-07,3
0,2.858333e-07,3
0,1.5331749e-07,2
0,2.748127e-07,3
0,1.6120409e-06,2
0,3.4489299e-06,2
0,7.347482e-08,3
0,3.5618937e-06,2
0,1.6772736e-08,2
0,5.55976e-08,2
0,4.8729844e-06,1
0,9.282363e-09,2
0,4.730316e-05,2
0,5.4615754e-07,3
0,5.0410827e-06,2
0,5.876971e-08,2
0,4.7352305e-08,3
0,1.252032e-07,3
0,1.0166361e-06,1
0,3.8564767e-08,2
0,1.3452264e-07,2
0,1.3583383e-07,2
0,5.615702e-07,3
0,7.237959e-08,2
0,4.00689e-06,1
0,1.07386924e-07,3
0,2.031244e-08,2
0,2.7512945e-06,1
0,6.020362e-06,2
0,1.0017532e-06,2
0,1.4259424e-06,2
0,1.1024067e-06,3
0,1.0809681e-05,1
0,2.627072e-06,1
0,1.9909452e-05,1
0,5.4022575e-08,2
0,1.4388169e-05,2
0,8.077576e-08,2
0,1.5587734e-06,2
0,3.3178015e-08,3
0,7.590614e-08,2
0,1.6503527e-06,99
0,6.911495e-07,1
0,3.333298e-07,3
0,1.9687004e-06,2
0,8.4387246e-08,2
0,8.055865e-07,2
0,2.1232468e-06,2
0,7.768648e-08,2
0,6.912155e-07,1
0,1.0131662e-06,3
0,2.2148276e-07,3
0,1.19803e-07,3
0,1.5587734e-06,2
0,7.730734e-08,3
0,4.10662e-07,3
0,7.9907045e-07,1
0,2.5816735e-06,2
0,2.218928e-06,2
0,9.498379e-08,3
0,1.3556195e-07,2
0,1.7696009e-06,1
0,3.9214647e-06,2
0,8.2318e-06,2
0,4.272779e-08,3
0,8.8975796e-08,2
0,1.579077e-07,3
0,1.6440676e-07,2
0,1.1027584e-07,2
0,7.7260765e-08,2
0,7.436807e-07,2
0,3.3699582e-06,1
0,1.2007224e-07,3
0,8.402363e-08,3
0,4.7646573e-08,3
0,8.0908215e-08,2
0,1.3091659e-07,3
0,2.1568322e-07,2
0,3.4080327e-07,3
0,1.0032944e-06,1
0,1.4457012e-06,3
0,9.368616e-08,2
0,1.378703e-07,2
0,5.770395e-08,2
0,2.1092337e-05,2
0,2.1236156e-08,2
0,2.4183217e-07,3
0,2.2148276e-07,3
0,8.3230255e-08,2
0,1.8837467e-07,3
0,7.493099e-08,2
0,9.891096e-06,2
0,5.6232256e-08,2
0,0.00013147172,2
0,1.1117807e-07,2
0,6.8711042e-06,1
0,1.900907e-07,3
0,4.410977e-08,2
0,1.5255716e-07,3
0,5.0410827e-06,2
0,2.9370162e-06,1
0,2.676644e-06,2
0,7.9709025e-08,2
0,1.388295e-07,3
0,4.4421417e-06,2
0,2.672843e-08,3
0,7.732975e-08,2
0,2.6210208e-07,3
0,2.0116161e-07,2
0,2.8105662e-08,3
0,2.7035196e-07,3
0,9.0017394e-08,3
0,3.183586e-08,2
0,1.8925424e-06,2
0,9.43454e-07,1
0,5.83409e-07,1
0,9.9340724e-08,3
0,2.5280764e-07,3
0,4.6442024e-06,2
0,3.9786485e-07,3
0,1.064722e-07,2
0,1.5050456e-06,2
0,6.871321e-08,2
0,2.2873194e-06,2
0,3.050465e-06,2
0,4.2986347e-08,3
0,2.816795e-07,3
0,9.312065e-06,2
0,4.1187512e-08,3
0,9.857279e-07,2
0,1.1295805e-07,2
0,2.6986486e-06,2
0,2.1437633e-07,3
0,1.5335637e-07,3
0,2.6156301e-06,1
0,1.6038109e-07,2
0,7.323641e-08,2
0,9.983231e-08,2
0,6.932005e-06,2
0,1.5306665e-06,2
0,4.827262e-08,3
0,6.997217e-08,3
0,1.0653924e-07,3
0,5.9016446e-07,2
0,3.3933195e-06,2
0,1.2131743e-07,2
0,9.354272e-06,1
0,7.703592e-08,3
0,1.4708476e-06,1
0,1.4519463e-07,3
0,5.217882e-08,2
0,5.7768048e-06,2
0,8.2174346e-08,2
0,9.0173836e-07,1
0,3.014584e-06,2
0,5.367301e-07,3
0,2.9102584e-06,1
0,1.7426294e-06,1
0,1.3375815e-07,3
0,1.4123762e-05,1
0,7.037638e-08,2
0,9.402285e-07,1
0,7.670602e-08,2
0,1.1793086e-05,1
0,3.613171e-07,99
0,9.5891764e-08,3
0,1.3029494e-07,3
0,1.7329279e-07,3
0,4.9046083e-08,2
0,7.395013e-06,2
0,2.9982784e-06,1
0,1.783021e-07,2
0,5.721041e-07,1
0,1.4745757e-08,2
0,1.0593055e-07,2
0,1.8812111e-08,2
0,3.449487e-08,2
0,3.135293e-06,2
0,1.0291967e-05,1
0,5.346399e-05,2
0,7.493099e-08,2
0,6.051695e-08,2
0,5.5299876e-07,3
0,2.0896066e-07,3
0,6.210137e-08,2
0,6.337309e-08,2
0,9.775359e-08,2
0,1.2400443e-07,3
0,5.83409e-07,1
0,1.723914e-08,2
0,9.9470604e-08,3
0,1.17391274e-07,2
0,7.6236226e-08,2
0,5.4370627e-08,2
0,4.0858143e-07,2
0,1.9533339e-07,3
0,1.4135672e-05,1
0,1.0822917e-07,2
0,2.3170789e-05,2
0,5.354867e-07,2
0,1.2048435e-05,1
0,1.3673193e-07,3
0,4.4759733e-07,3
0,3.138904e-06,1
0,1.3835835e-06,2
0,5.1639954e-06,1
0,1.394436e-07,3
0,9.2680165e-07,99
0,4.5657566e-06,1
0,9.028374e-08,2
0,5.905478e-07,2
0,9.711579e-08,2
0,1.5469468e-06,2
0,3.2319067e-06,1
0,5.697275e-07,2
0,1.3086216e-07,3
0,2.64861e-08,3
0,7.436403e-08,2
0,1.0065711e-05,1
0,1.9796767e-08,2
0,5.5145205e-07,1
0,5.697275e-07,2
0,7.233653e-08,2
0,1.1765684e-06,3
0,2.3397007e-08,2
0,2.7371152e-06,1
0,1.790433e-06,1
0,1.433761e-07,2
0,0.00017952488,1
0,3.2432514e-08,2
0,3.0730855e-06,1
0,6.4688334e-06,2
0,1.0679778e-06,2
0,1.3785245e-06,2
0,1.6096374e-05,2
0,4.9860605e-06,2
0,0.019739486,2
0,4.823779e-06,1
0,8.522922e-06,2
0,4.8857396e-07,3
0,1.0347502e-05,2
0,1.0698642e-07,2
0,3.7755905e-07,2
0,1.1191356e-07,3
0,1.8607775e-06,1
0,7.458649e-08,2
0,0.67260367,1
0,1.8053329e-07,3
0,3.2458836e-06,1
0,8.867184e-06,1
0,1.3354096e-07,3
0,2.488769e-06,2
0,7.308911e-07,2
0,1.6056428e-06,2
0,2.3318432e-06,1
0,1.9825548e-07,3
0,7.703592e-08,3
0,6.9198265e-08,2
0,9.3328566e-08,2
0,7.612405e-08,2
0,1.5333459e-06,1
0,9.3865204e-08,2
0,8.844869e-07,1
0,1.56092e-07,3
0,4.8723246e-07,3
0,5.8483007e-08,2
0,6.680522e-07,3
0,1.1455682e-05,2
0,3.7997238e-06,2
0,2.81181e-08,2
0,6.872907e-08,2
0,1.9796767e-08,2
0,2.4001963e-06,1
0,2.7371152e-06,1
0,3.426655e-07,3
0,3.202746e-06,2
0,4.5553782e-07,3
0,2.9575488e-06,2
0,1.4259424e-06,2
0,1.0291865e-07,2
0,1.0117338e-07,2
0,1.3301145e-07,3
0,3.857374e-08,2
0,4.639019e-06,2
0,3.271938e-08,2
0,2.188879e-06,1
0,3.2929188e-07,3
0,6.18975e-08,2
0,3.0080457e-07,3
0,5.4038364e-06,2
0,5.9193997e-07,2
0,4.3017184e-08,3
0,3.5474574e-08,2
0,1.1936723e-07,2
0,1.304954e-07,2
0,2.045788e-05,2
0,2.5277925e-06,1
0,2.2092445e-06,2
0,0.00024958374,2
0,1.0643322e-07,2
0,2.2148276e-07,3
0,1.8653418e-05,1
0,9.047636e-06,2
0,4.2189708e-07,2
0,6.6330194e-06,1
0,1.163512e-06,2
0,9.656444e-08,2
0,8.2174346e-08,2
0,4.5442366e-06,2
0,7.770345e-06,1
0,1.3361752e-07,2
0,1.8088034e-06,2
0,1.1547438e-06,2
0,1.0171205e-07,2
0,7.751405e-08,2
0,1.3665542e-06,1
0,4.5457438e-07,3
0,4.3113452e-08,2
0,2.5280764e-07,3
0,2.0892126e-05,1
0,8.9815e-07,3
0,3.9690935e-06,2
0,0.00024195608,1
0,8.76154e-08,2
0,8.275347e-08,2
0,1.4259424e-06,2
0,1.2863477e-05,1
0,1.9088439e-07,3
0,7.880058e-07,1
0,4.7671932e-08,3
0,8.2078486e-08,2
0,1.5587734e-06,2
0,1.4575859e-05,1
0,1.6800006e-07,3
0,2.9760782e-08,2
0,5.4856713e-07,3
0,1.355043e-07,3
0,7.877819e-07,1
0,7.808505e-08,2
0,9.3328566e-08,2
0,3.4677935e-08,2
0,3.7145148e-06,2
0,1.1283951e-07,2
0,7.612405e-08,2
0,2.6964534e-08,3
0,9.927804e-08,2
0,4.1676796e-07,2
0,1.4123762e-05,1
0,3.2667413e-07,3
0,3.8600536e-08,2
0,0.00010571043,2
0,6.8479665e-08,2
0,9.4207955e-08,2
0,8.999337e-08,2
0,4.626807e-06,2
0,5.3581334e-06,2
0,6.596864e-08,3
0,2.748127e-07,3
0,1.0509773e-06,2
0,5.881109e-08,2
0,1.4835528e-07,3
0,2.5675356e-06,2
0,7.864692e-08,2
0,1.9498361e-06,1
0,9.78032e-08,2
0,5.2105925e-08,3
0,2.1840338e-08,2
0,1.8056238e-07,3
0,2.379683e-07,3
0,4.7889336e-07,3
0,1.23978325e-05,2
0,1.47287e-07,2
0,7.724558e-08,2
0,9.280556e-05,2
0,7.202647e-07,1
0,5.2200977e-07,3
0,2.0623736e-06,1
0,1.4604775e-06,2
0,4.7850717e-06,2
0,4.7309973e-07,1
0,1.6084581e-07,2
0,9.285892e-08,3
0,2.5809668e-06,1
0,4.5882534e-06,1
0,3.3974987e-07,3
0,3.6813006e-08,3
0,9.407155e-07,1
0,8.611142e-06,2
0,2.4560247e-08,3
0,3.1257605e-06,2
0,4.183044e-06,3
0,7.4759026e-07,1
0,4.1676796e-07,2
0,6.379154e-07,99
0,1.13921104e-07,3
0,9.3328566e-08,2
0,3.6666736e-06,2
0,7.923518e-08,2
0,2.8331153e-06,2
0,1.5663717e-07,2
0,9.291898e-08,2
0,3.5867693e-08,3
0,9.305487e-06,1
0,1.2812794e-07,2
0,4.5811967e-06,1
0,1.593118e-05,1
0,8.560932e-06,2
0,7.1675245e-08,2
0,3.916856e-08,2
0,1.2466192e-07,3
0,0.00048541464,1
0,4.1676796e-07,2
0,5.0863665e-08,3
0,6.348101e-08,3
0,5.622646e-08,2
0,6.8580175e-07,3
0,8.258913e-06,1
0,7.7990244e-08,3
0,1.065373e-05,1
0,5.0863665e-08,3
0,3.4228066e-08,2
0,1.4250846e-06,2
0,4.864228e-06,2
0,1.3465603e-06,1
0,4.304189e-08,3
0,3.0054824e-07,3
0,0.0011583815,2
0,8.6684605e-07,3
0,8.38856e-08,2
0,4.1650765e-05,2
0,5.326391e-07,3
0,3.968242e-05,2
0,5.0707895e-06,2
0,8.302673e-07,3
0,2.1049694e-07,3
0,4.013604e-05,1
0,8.781918e-08,2
0,2.1214456e-08,3
0,3.5399366e-06,2
0,8.053025e-08,3
0,1.1820207e-06,2
0,5.190826e-06,2
0,1.4655716e-06,2
0,3.5067306e-08,3
0,2.1392029e-07,3
0,0.013407253,1
0,5.8145156e-07,1
0,8.5759986e-08,3
0,3.8989115e-06,1
0,1.7211615e-07,3
0,8.202151e-08,3
0,4.983594e-08,2
0,1.0259115e-07,2
0,2.6754546e-07,3
0,8.611142e-06,2
0,8.808792e-08,2
0,4.5530675e-07,3
0,8.8387665e-08,2
0,1.2087449e-08,2
0,3.7327322e-06,1
0,5.50459e-07,3
0,7.7714253e-07,3
0,8.309666e-06,1
0,6.4136893e-06,1
0,8.621963e-06,2
0,1.3522443e-07,3
0,3.620727e-05,2
0,1.9900043e-08,2
0,7.769493e-08,2
0,2.365179e-05,1
0,5.697275e-07,2
0,7.918608e-08,2
0,5.058064e-07,2
0,1.2919165e-06,1
0,4.59597e-06,2
0,1.1135172e-05,1
0,1.7309721e-06,2
0,2.362311e-06,2
0,5.8805707e-08,2
0,2.2577082e-07,3
0,5.431934e-06,2
0,9.056608e-08,2
0,4.277397e-06,3
0,5.5400017e-07,3
0,2.4912194e-06,2
0,1.050613e-07,3
0,2.882248e-08,2
0,6.2918794e-08,2
0,7.9241585e-07,3
0,8.667055e-07,1
0,9.243763e-08,2
0,8.8220425e-08,2
0,9.0823204e-07,1
0,6.188074e-08,2
0,1.9483307e-06,2
0,1.8366835e-06,1
0,1.5073546e-08,2
0,2.2081014e-08,2
0,2.445968e-06,2
0,3.950491e-06,1
0,3.014584e-06,2
0,3.5469043e-06,1
0,1.6296764e-07,2
0,1.6898457e-06,3
0,3.8695257e-06,2
0,9.3608996e-08,2
0,1.2612057e-05,2
0,1.6129327e-07,3
0,1.0939333e-05,2
0,2.1739204e-07,3
0,2.016646e-06,2
0,1.6482656e-07,3
0,7.733256e-08,3
0,5.0863665e-08,3
0,7.126587e-08,2
0,2.1918959e-08,2
0,2.7662672e-06,1
0,5.721041e-07,1
0,1.3815661e-06,2
0,1.1141179e-07,2
0,8.14533e-06,99
0,9.539739e-08,3
0,3.9690935e-06,2
0,1.7087903e-06,2
0,4.843655e-05,2
0,0.00042709731,2
0,2.9885694e-08,2
0,4.508154e-07,1
0,1.4683177e-06,2
0,1.446465e-07,3
0,3.9133987e-08,3
0,1.5162176e-07,3
0,9.117997e-09,2
0,1.5079202e-07,3
0,1.1231541e-05,1
0,1.8013739e-07,3
0,8.133992e-08,2
0,1.1879442e-07,2
0,2.3338157e-07,3
0,6.032312e-08,2
0,1.01946675e-07,2
0,9.078102e-06,1
0,1.4053647e-07,3
0,2.2076851e-07,3
0,3.3710978e-07,3
0,1.7913588e-07,2
0,1.3463047e-05,1
0,1.0727207e-07,3
0,1.98934e-06,1
0,0.013285021,2
0,1.9216895e-06,1
0,9.003422e-08,2
0,5.1697407e-06,2
0,0.00094146666,2
0,4.712854e-06,2
0,1.4217181e-06,2
0,3.6379763e-06,1
0,1.3421142e-06,1
0,5.180136e-07,2
0,1.0534804e-07,2
0,4.147749e-06,2
0,2.7615386e-06,2
0,1.128838e-06,1
0,5.8805707e-08,2
0,7.9145764e-08,2
0,5.1806733e-06,2
0,7.3342295e-07,2
0,1.1516794e-07,3
0,7.93654e-06,2
0,8.6135856e-07,3
0,1.1403121e-07,2
0,4.121992e-06,1
0,1.8456065e-08,2
0,9.667187e-06,1
0,5.1863804e-05,1
0,1.46070415e-05,1
0,4.5647585e-08,2
0,2.9011053e-08,2
0,8.542726e-08,3
0,4.2905416e-08,3
0,5.576721e-08,3
0,1.0064953e-06,2
0,3.2177504e-06,2
0,5.8679433e-07,2
0,3.880158e-07,3
0,9.1539107e-07,2
0,8.7831246e-08,2
0,2.6278113e-07,3
0,9.291898e-08,2
0,2.8385108e-07,2
0,0.0010409703,2
0,1.1618041e-07,3
0,1.1884355e-05,2
0,0.00395037,1
0,2.455664e-08,2
0,4.939264e-06,2
0,9.963542e-08,2
0,1.6156454e-06,2
0,1.2163694e-07,2
0,1.1902676e-07,2
0,6.230793e-08,1
0,1.6158474e-07,3
0,1.4804252e-07,3
0,3.7623635e-05,1
0,6.8475225e-07,2
0,3.589315e-08,3
0,1.2611204e-07,2
0,2.9030011e-06,1
0,2.6120453e-05,2
0,2.561441e-07,3
0,2.621468e-07,1
0,5.367301e-07,3
0,4.3605485e-07,3
0,1.9329583e-08,2
0,3.9027323e-06,2
0,3.3513835e-08,2
0,2.3041256e-08,2
0,6.921159e-06,2
0,2.6986486e-06,2
0,2.3210265e-07,3
0,2.9954695e-06,2
0,1.8821463e-06,1
0,3.3572903e-06,1
0,8.086763e-07,1
0,9.910643e-08,3
0,8.69203e-08,2
0,2.344333e-08,2
0,2.6200656e-08,2
0,3.2929188e-07,3
0,2.6877498e-08,2
0,1.6243357e-07,3
0,4.59597e-06,2
0,3.1235237e-07,3
0,2.2148276e-07,3
0,8.38776e-08,2
0,3.271726e-08,3
0,1.1612779e-05,2
0,8.0956903e-07,99
0,4.511867e-05,2
0,2.7565602e-06,1
0,8.3889596e-08,2
0,1.13565086e-07,2
0,8.128523e-07,2
0,1.2812272e-06,3
0,5.358706e-06,2
0,8.4572446e-07,1
0,3.0363518e-07,3
0,9.221329e-08,2
0,3.119986e-08,2
0,9.18212e-08,2
0,5.9902675e-08,2
0,1.5438077e-07,3
0,9.8364076e-08,2
0,2.372586e-06,2
0,1.7531203e-08,2
0,5.0372442e-08,3
0,5.4112106e-06,2
0,3.894649e-06,3
0,2.2803086e-05,1
0,8.8387665e-08,2
0,7.74446e-08,3
0,4.4174917e-06,2
0,1.9060934e-07,3
0,8.390976e-08,2
0,8.4572446e-07,1
0,5.006559e-06,2
0,5.0692565e-06,2
0,5.070514e-06,2
0,8.332191e-08,2
0,1.6683931e-06,1
0,5.4856713e-07,3
0,3.2161957e-08,2
0,2.0648454e-06,1
0,9.216868e-07,2
0,3.455348e-08,3
0,1.4259424e-06,2
0,5.260608e-07,1
0,5.695825e-06,2
0,1.22549e-07,3
0,5.471648e-07,1
0,7.111425e-06,2
0,8.343879e-08,3
0,1.2949448e-06,2
0,1.1504225e-07,3
0,5.477146e-08,3
0,0.17447588,2
0,8.15232e-08,2
0,8.792398e-07,3
0,2.4695023e-06,1
0,3.01509e-08,3
0,7.3073025e-08,2
0,1.579077e-07,3
0,8.949832e-08,3
0,1.2331654e-07,3
0,2.8360589e-08,2
0,2.0045316e-06,1
0,1.5478102e-07,3
0,6.387062e-08,2
0,9.081436e-06,2
0,1.9216895e-06,1
0,5.1617653e-06,2
0,0.00033432414,2
0,1.0064953e-06,2
0,1.1338751e-07,3
0,3.016655e-05,2
0,9.0339384e-08,3
0,4.022611e-06,2
0,4.3930223e-07,99
0,6.439588e-08,2
0,2.6977298e-07,1
0,6.494961e-08,2
0,7.247979e-06,2
0,9.6614365e-08,2
0,1.0117338e-07,2
0,1.1335009e-07,2
0,2.5406837e-06,2
0,4.5499465e-07,2
0,7.703592e-08,3
0,2.547001e-06,2
0,8.670795e-06,2
0,5.0863665e-08,3
0,1.4739618e-07,3
0,1.5832254e-07,2
0,4.796722e-07,3
0,3.3912945e-06,1
0,1.7556723e-06,2
0,9.33594e-06,2
0,1.7260155e-07,3
0,1.0268061e-07,3
0,7.012809e-08,2
0,4.1783487e-08,2
0,1.5817827e-07,3
0,5.5840328e-08,2
0,1.28024e-07,3
0,2.4295053e-07,3
0,9.093083e-06,1
0,2.8594965e-08,3
0,8.514545e-06,1
0,8.374012e-08,2
0,1.258162e-06,1
0,1.6014405e-06,1
0,2.1827775e-06,2
0,2.3801117e-07,3
0,1.3263752e-07,3
0,1.5960659e-07,3
0,1.9436426e-08,2
0,5.1348643e-06,2
0,1.4134078e-07,2
0,9.651988e-08,2
0,5.9902675e-08,2
0,2.1221243e-07,1
0,1.4217181e-06,2
0,7.855733e-06,2
0,9.423167e-08,2
0,8.2263006e-07,1
0,1.5427847e-06,2
0,1.0621845e-07,3
0,0.000119159966,2
0,2.5406837e-06,2
0,2.2968695e-06,2
0,3.3801538e-07,3
0,1.3452264e-07,2
0,1.1257102e-07,2
0,7.308911e-07,2
0,1.6250145e-06,1
0,8.36986e-08,2
0,1.8264477e-06,3
0,6.58597e-07,3
0,1.4835528e-07,3
0,1.0940773e-05,2
0,1.0166361e-06,1
0,9.685792e-08,2
0,5.376451e-07,3
0,7.7320024e-08,2
0,1.6066323e-07,2
0,7.901967e-08,2
0,1.44519445e-08,2
0,6.104926e-07,3
0,3.558356e-06,1
0,2.629215e-07,3
0,2.542235e-06,2
0,5.9638523e-06,2
0,2.2167859e-08,2
0,0.00010697424,1
0,9.604275e-07,1
0,1.5898358e-07,3
0,1.2373798e-06,1
0,2.7802478e-06,2
0,7.100443e-08,2
0,5.721041e-07,1
0,1.0,1
0,7.3991293e-07,2
0,2.3584589e-07,3
0,7.8799324e-08,2
0,6.137811e-08,2
0,1.18918535e-07,3
0,4.371951e-06,2
0,6.585211e-08,2
0,0.00031741615,2
0,2.3121438e-06,2
0,1.9040145e-06,1
0,4.5601197e-08,3
0,1.7613285e-08,2
0,5.0599983e-08,3
0,1.2304905e-07,3
0,1.0328672e-05,3
0,6.064387e-06,1
0,6.1988004e-08,2
0,7.9907045e-07,1
0,2.0471036e-07,2
0,2.4936298e-06,1
0,3.7711754e-06,2
0,3.7040575e-08,2
0,6.40898e-08,2
0,5.6990135e-08,2
0,2.1004615e-07,3
0,5.6383383e-06,3
0,2.0258452e-07,3
0,2.7176595e-06,1
0,1.5023182e-06,2
0,5.0863665e-08,3
0,1.723997e-07,3
0,6.900031e-08,3
0,3.2025475e-06,2
0,1.0036925e-06,2
0,9.484494e-08,3
0,1.236142e-07,2
0,5.1703178e-06,2
0,1.3835835e-06,2
0,1.09693495e-07,2
0,1.1779133e-06,2
0,6.090417e-08,2
0,1.554618e-07,2
0,6.942049e-08,3
0,1.1454314e-07,2
0,5.86918e-07,3
0,3.9252402e-08,3
0,1.09693495e-07,2
0,9.980733e-06,1
0,4.0743425e-06,2
0,4.879998e-07,3
0,5.0692565e-06,2
0,4.5228515e-07,2
0,1.2317327e-07,3
0,1.1343943e-07,3
0,9.917034e-08,2
0,2.1622425e-07,3
0,1.442283e-07,2
0,1.3835835e-06,2
0,3.8543087e-05,1
0,5.4856713e-07,3
0,6.090417e-08,2
0,1.8706364e-06,3
0,1.1618041e-07,3
0,1.0349365e-07,2
0,7.4330714e-08,2
0,3.056741e-08,2
0,1.07595234e-07,2
0,9.87785e-07,2
0,2.3619265e-05,2
0,2.5084651e-05,2
0,4.2610642e-07,2
0,3.2790854e-08,2
0,2.3620453e-06,2
0,1.2987516e-06,1
0,1.8077775e-06,1
0,6.809959e-08,2
0,5.2325227e-08,3
0,1.9432537e-06,1
0,1.0333591e-06,1
0,1.9329583e-08,2
0,1.7426977e-07,3
0,2.8601455e-08,2
0,5.721041e-07,1
0,2.7716358e-06,2
0,3.4854762e-07,1
0,2.4302324e-08,2
0,8.527433e-06,1
0,9.700635e-07,1
0,2.772035e-06,2
0,9.3608996e-08,2
0,5.4856713e-07,3
0,2.1474289e-06,1
0,1.5943018e-05,2
0,7.436807e-07,2
0,1.5889228e-08,2
0,3.7711754e-06,2
0,7.1375035e-07,1
0,9.428454e-08,2
0,8.704805e-08,2
0,4.414493e-06,2
0,8.508665e-07,1
0,9.4072746e-08,2
0,6.05098e-08,2
0,2.6732283e-07,3
0,1.6457585e-07,3
0,8.2848544e-08,2
0,8.202151e-08,3
0,8.6091205e-08,2
0,2.4866456e-06,99
0,7.8933635e-07,1
0,9.186488e-07,3
0,1.1781545e-07,2
0,4.9812803e-07,3
0,2.0250275e-06,2
0,1.2391109e-06,2
0,6.18975e-08,2
0,1.5073546e-08,2
0,1.8719586e-08,2
0,4.620416e-08,3
0,1.6595031e-05,2
0,1.2114285e-07,2
0,1.281922e-05,2
0,7.325351e-07,3
0,8.971641e-08,2
0,1.0100261e-05,1
0,6.7115074e-08,2
0,8.959961e-08,2
0,4.4586503e-08,2
0,5.2747646e-07,3
0,9.301419e-08,2
0,1.6788068e-08,2
0,4.7846285e-08,3
0,7.9976445e-08,2
0,2.8638224e-06,1
0,7.011143e-07,1
0,1.7986052e-07,3
0,2.1907423e-08,2
0,1.3823937e-06,1
0,5.477146e-08,3
0,5.4112106e-06,2
0,8.379477e-08,2
0,2.4488666e-06,2
0,3.631819e-08,3
0,4.5333245e-06,2
0,0.002929044,1
0,6.668404e-08,2
0,5.1243194e-07,3
0,2.6156301e-06,1
0,7.227044e-06,2
0,2.5438671e-06,1
0,7.333971e-08,2
0,7.330145e-07,1
0,1.1618041e-07,3
0,1.7394377e-08,2
0,9.027192e-06,2
0,9.205325e-07,2
0,1.1283951e-07,2
0,6.3070515e-06,1
0,4.15679e-06,2
0,1.3238517e-07,3
0,4.3605485e-07,3
0,9.368616e-08,2
0,1.07381396e-07,2
0,6.618984e-08,3
0,4.17664e-07,3
0,3.3049507e-06,2
0,7.458649e-08,2
0,1.3835835e-06,2
0,1.1767912e-07,3
0,1.4740137e-07,2
0,5.3650718e-05,1
0,3.7374768e-06,2
0,7.707825e-08,2
0,9.628562e-08,2
0,2.2384705e-07,3
0,2.9085961e-06,1
0,4.2059185e-08,3
0,0.0019341385,2
0,1.3683771e-07,3
0,3.2300547e-06,2
0,2.5193358e-06,1
0,1.1997286e-05,1
0,7.684602e-08,2
0,3.8695257e-06,2
0,0.00031445385,2
0,1.9984027e-08,2
0,5.122607e-06,1
0,8.592699e-08,2
0,1.5587734e-06,2
0,2.4433623e-08,2
0,7.3495e-08,2
0,1.3206289e-06,1
0,3.3801538e-07,3
0,3.200829e-08,2
0,5.721041e-07,1
0,8.301479e-08,2
0,6.4551006e-07,1
0,5.115314e-06,2
0,7.371946e-06,2
0,4.1676796e-07,2
0,5.056978e-06,2
0,1.6022409e-07,3
0,3.1075344e-06,2
0,5.257879e-07,3
0,5.4856713e-07,3
0,5.488138e-06,2
0,9.368616e-08,2
0,1.2491326e-07,3
0,3.58614e-08,3
0,5.2029353e-08,3
0,4.0658467e-08,3
0,5.129154e-08,3
0,5.55976e-08,2
0,4.479472e-06,2
0,8.87849e-08,3
0,8.460093e-07,3
0,1.3395029e-05,99
0,9.68292e-06,1
0,1.6534939e-07,2
0,2.6986486e-06,2
0,2.6883686e-06,1
0,0.00017040467,1
0,3.927449e-06,2
0,7.087445e-07,2
0,6.98996e-08,2
0,1.1474993e-05,2
0,6.875464e-08,3
0,2.2903221e-07,3
0,2.7565602e-06,1
0,1.5882629e-06,2
0,3.5727115e-07,3
0,2.904195e-05,2
0,3.6284273e-06,2
0,2.9072186e-07,2
0,1.081273e-06,1
0,2.8050424e-06,2
0,5.881109e-08,2
0,6.830239e-08,2
0,5.91883e-06,2
0,3.3434415e-07,3
0,2.9746408e-05,1
0,1.01934035e-07,3
0,1.449488e-06,1
0,2.0088393e-08,2
0,6.7237565e-08,2
0,5.0863665e-08,3
0,3.853558e-06,1
0,1.8215863e-07,3
0,2.7565602e-06,1
0,2.8531528e-07,2
0,1.2354738e-07,3
0,9.534209e-08,3
0,1.4217181e-06,2
0,9.755132e-08,2
0,1.4207501e-07,3
0,2.6946752e-06,2
0,1.389808e-07,3
0,4.171559e-06,2
0,5.066067e-06,2
0,1.1997244e-07,2
0,3.0044305e-07,1
0,3.4352986e-08,2
0,8.2307366e-08,2
0,3.7767359e-06,2
0,7.510928e-08,2
0,1.1488441e-06,1
0,3.5604252e-08,3
0,1.354666e-06,1
0,2.6144275e-07,1
0,6.6584704e-05,1
0,1.2388989e-07,2
0,8.8975796e-08,2
0,1.2763304e-07,3
0,3.441298e-05,2
0,5.1545744e-08,2
0,7.308911e-07,2
0,4.641731e-08,3
0,2.7420267e-08,2
0,1.19096946e-07,3
0,8.095202e-06,2
0,1.7426294e-06,1
0,8.6418817e-07,3
0,7.1229243e-07,2
0,3.2666715e-06,1
0,2.4321187e-06,99
0,6.912155e-07,1
0,1.538122e-06,2
0,5.437363e-08,3
0,4.59597e-06,2
0,3.3392343e-08,2
0,2.2675636e-06,1
0,8.69203e-08,2
0,2.8268428e-06,1
0,2.9780429e-06,1
0,8.472593e-08,2
0,7.970127e-08,3
0,6.142341e-06,1
0,5.9638523e-06,2
0,9.2870955e-08,2
0,1.4641113e-05,1
0,3.0002073e-05,2
0,9.375495e-07,1
0,1.173316e-05,1
0,1.1262427e-07,3
0,4.4863746e-08,3
0,1.647533e-07,3
0,1.8029083e-06,1
0,7.637884e-07,2
0,1.0744202e-05,1
0,4.9136165e-08,2
0,3.5549697e-08,3
0,1.1290778e-05,1
0,2.1795626e-07,3
0,0.0066418773,2
0,1.1030509e-07,3
0,6.784231e-07,3
0,1.1941603e-05,2
0,4.6146356e-06,1
0,1.6084581e-07,2
0,9.778081e-06,2
0,1.0655581e-05,2
0,1.2879845e-07,2
0,3.2016726e-07,3
0,6.643527e-07,2
0,5.317159e-07,1
0,7.970506e-07,3
0,0.35636985,2
0,2.3580885e-06,2
0,3.0363518e-07,3
0,6.912155e-07,1
0,2.29128e-06,3
0,1.1675136e-08,2
0,1.221497e-07,3
0,1.7238259e-06,2
0,2.3529667e-06,2
0,3.3636017e-08,2
0,4.5823356e-08,3
0,2.7556162e-08,3
0,1.3217372e-07,2
0,3.6739857e-07,3
0,6.866631e-08,2
0,1.7928424e-07,3
0,4.5817723e-07,3
0,6.135438e-06,2
0,7.1960436e-08,3
0,1.6832256e-07,2
0,5.0692565e-06,2
0,1.1641458e-06,2
0,1.4948918e-07,2
0,4.462204e-06,2
0,1.2992072e-07,3
0,6.353358e-08,2
0,2.1211463e-08,2
0,1.8084756e-06,1
0,1.3530943e-07,3
0,1.0636097e-07,3
0,9.551664e-08,2
0,8.4775945e-07,3
0,4.7324143e-08,2
0,3.4234056e-06,1
0,1.16644124e-07,3
0,8.971641e-08,2
0,8.8237584e-08,2
0,1.3308966e-06,1
0,8.2078486e-08,2
0,3.880158e-07,3
0,9.336916e-08,2
0,3.5756466e-07,3
0,2.6797748e-08,3
0,2.6986486e-06,2
0,8.129981e-07,1
0,0.00011267912,2
0,8.194739e-08,3
0,1.4664618e-05,2
0,2.1002963e-06,2
0,1.9609615e-08,2
0,6.5424814e-08,2
0,1.173316e-05,1
0,5.0863665e-08,3
0,1.7822229e-05,1
0,8.611142e-06,2
0,4.3166756e-06,1
0,8.1823595e-07,3
0,3.7216697e-08,3
0,5.367301e-07,3
0,2.5280764e-07,3
0,6.0418284e-07,3
0,1.0373095e-06,1
0,3.2217977e-06,1
0,1.517977e-07,3
0,2.8193153e-06,1
0,4.7302348e-07,2
0,9.103837e-08,2
0,8.611142e-06,2
0,2.5433164e-06,1
0,6.46682e-07,2
0,2.6986486e-06,2
0,1.2560987e-06,2
0,1.5715774e-07,3
0,1.4603403e-08,2
0,3.527156e-08,1
0,8.4572446e-07,1
0,6.187036e-08,2
0,5.819209e-06,1
0,1.6780774e-07,3
0,0.0038348294,2
0,3.1496068e-08,2
0,4.2022457e-08,3
0,9.109326e-08,2
0,7.55282e-06,1
0,1.6171241e-05,2
0,4.2599977e-06,1
0,4.96381e-07,99
0,0.019907482,2
0,8.119623e-08,3
0,1.1493725e-06,1
0,8.620557e-08,2
0,3.5406612e-07,99
0,1.8458004e-06,1
0,7.152175e-08,2
0,2.1067527e-07,1
0,7.323641e-08,2
0,1.4221014e-07,2
0,5.4353617e-08,3
0,9.078102e-06,1
0,9.997999e-08,2
0,5.278644e-07,3
0,4.49282e-06,1
0,2.3533773e-06,99
0,8.7597016e-08,2
0,5.0600074e-06,2
0,6.6153945e-05,3
0,1.2812694e-05,1
0,1.0835047e-06,1
0,1.305348e-05,2
0,9.0410744e-08,2
0,2.1182058e-07,3
0,2.7326345e-07,3
0,5.1238253e-08,2
0,6.094316e-07,1
0,5.2615462e-08,2
0,1.1807753e-07,2
0,4.5014876e-06,1
0,3.5516145e-08,3
0,1.8006913e-08,2
0,8.0576044e-08,2
0,6.0341414e-08,2
0,1.8277115e-07,3
0,2.1739204e-07,3
0,7.155933e-07,2
0,2.079001e-08,2
0,0.00017040467,1
0,1.3978327e-07,3
0,1.0,1
0,4.7503067e-06,2
0,9.3608996e-08,2
0,1.1819656e-06,2
0,2.2715649e-07,3
0,1.0969752e-06,3
0,7.255624e-08,2
0,1.3750514e-07,3
0,2.4598595e-08,2
0,7.360021e-08,3
0,7.493099e-08,2
0,2.6797748e-08,3
0,5.697275e-07,2
0,1.466771e-07,2
0,5.1125603e-08,3
0,3.3178015e-08,3
0,4.724027e-08,2
0,1.3994426e-07,3
0,3.0968968e-07,3
0,9.098022e-08,2
0,2.8505006e-08,2
0,2.457328e-07,3
0,5.201725e-08,2
0,1.7933116e-05,2
0,5.0863665e-08,3
0,2.1602298e-06,3
0,1.3607486e-07,3
0,6.18975e-08,2
0,7.7566256e-08,2
0,8.206079e-08,2
0,2.1739204e-07,3
0,8.919362e-08,2
0,1.2598032e-06,2
0,5.9221946e-08,3
0,3.1083793e-08,3
0,3.5468772e-06,2
0,5.2992025e-08,3
0,4.63255e-08,3
0,1.0223837e-07,2
0,6.96926e-08,2
0,3.4305906e-08,2
0,5.0468806e-08,2
0,6.868464e-08,3
0,3.303165e-08,2
0,4.835777e-08,2
0,3.191855e-08,2
0,9.539181e-07,2
0,2.980708e-08,2
0,6.232208e-08,2
0,8.7575636e-08,2
0,9.652191e-08,2
0,1.1022516e-07,2
0,1.4259424e-06,2
0,2.7716358e-06,2
0,6.8354524e-08,2
0,3.469434e-08,3
0,3.114742e-08,2
0,3.7091133e-06,2
0,9.283035e-06,1
0,3.7377895e-08,2
0,7.727446e-06,2
0,0.29620436,2
0,6.011568e-08,3
0,2.7435574e-06,1
0,9.2548596e-08,2
0,3.8871235e-08,3
0,8.8513524e-08,3
0,7.707825e-08,2
0,4.942868e-05,1
0,1.3750514e-07,3
0,3.2016726e-07,3
0,5.9902675e-08,2
0,1.5232105e-07,3
0,5.2673494e-07,3
0,2.0177644e-07,3
0,3.1577486e-07,3
0,1.2608955e-07,3
0,9.243909e-07,3
0,4.856955e-08,2
0,9.792081e-08,3
0,8.684165e-07,3
0,1.3530943e-07,3
0,3.3118035e-06,1
0,4.895889e-07,3
0,5.4856713e-07,3
0,3.6345327e-06,2
0,9.968187e-07,99
0,1.4123762e-05,1
0,1.44573e-06,2
0,3.820952e-08,2
0,1.3393124e-07,3
0,3.1405722e-08,2
0,1.263669e-07,2
0,5.5400017e-07,3
0,1.6198155e-07,3
0,1.9040145e-06,1
0,2.3706382e-07,3
0,1.1174501e-06,1
0,1.0166361e-06,1
0,4.470265e-07,1
0,4.552781e-07,2
0,3.6944168e-06,1
0,2.1198566e-07,3
0,7.91173e-07,3
0,7.308911e-07,2
0,5.0336234e-07,99
0,3.5492256e-05,2
0,5.5938084e-08,3
0,9.45599e-08,3
0,7.703592e-08,3
0,2.8997055e-08,2
0,1.2309285e-05,2
0,7.493099e-08,2
0,6.2496106e-08,3
0,3.3941404e-07,3
0,1.281348e-07,3
0,8.069985e-08,2
0,4.2257398e-08,3
0,5.684836e-06,2
0,1.030422e-07,2
0,4.5509182e-08,2
0,6.002059e-08,2
0,3.3709174e-08,3
0,3.1485133e-08,3
0,4.814848e-08,2
0,5.742623e-06,2
0,5.0863665e-08,3
0,0.0007461239,2
0,9.402285e-07,1
0,7.011605e-08,2
0,0.000120783276,2
0,1.7008807e-07,3
0,4.2452012e-07,3
0,1.788701e-07,3
0,3.292821e-05,1
0,1.1550991e-05,2
0,8.447711e-08,2
0,1.0371947e-08,2
0,2.6974828e-06,1
0,3.9569845e-06,2
0,6.1278774e-06,1
0,3.0907185e-07,3
0,2.4134679e-06,2
0,2.7565602e-06,1
0,7.295924e-08,2
0,1.427946e-08,2
0,8.025945e-08,2
0,1.4123762e-05,1
0,2.0128347e-07,3
0,1.2304459e-07,3
0,4.374147e-08,2
0,2.389621e-07,3
0,4.8819948e-06,2
0,2.7642052e-06,99
0,5.3010027e-08,2
0,9.078102e-06,1
0,5.8592192e-08,3
0,6.391333e-07,2
0,2.3719565e-07,3
0,3.4255496e-08,3
0,1.0299627e-06,3
0,5.5400017e-07,3
0,5.1545456e-08,2
0,5.1842187e-07,99
0,2.8546845e-08,2
0,3.3801538e-07,3
0,4.49759e-07,3
0,6.8925594e-08,3
0,5.992679e-08,2
0,7.493099e-08,2
0,2.8618592e-08,3
0,1.5524144e-08,2
0,0.00044756476,2
0,3.2506077e-06,2
0,1.5108641e-07,99
0,1.5431762e-07,2
0,6.5962354e-08,2
0,1.8922772e-06,1
0,1.0953147e-07,3
0,7.4054543e-07,3
0,6.391431e-07,1
0,9.4666245e-07,1
0,6.668098e-08,3
0,9.08124e-08,2
0,1.0722089e-06,1
0,1.3750514e-07,3
0,1.8446421e-08,2
0,9.064904e-08,3
0,2.983888e-08,2
0,1.5325272e-06,1
0,1.2949448e-06,2
0,8.918493e-06,2
0,1.7238443e-05,1
0,1.0246223e-05,1
0,1.3421884e-06,99
0,1.3920855e-07,3
0,1.2059188e-07,2
0,1.2413861e-07,2
0,0.00010328171,1
0,3.8960354e-07,2
0,2.6251485e-07,3
0,1.0212236e-06,1
0,3.880158e-07,3
0,6.134116e-06,1
0,9.098005e-08,2
0,6.0476323e-06,2
0,9.9379584e-08,2
0,2.3714144e-06,1
0,2.9880974e-07,3
0,6.585211e-08,2
0,9.3809895e-08,2
0,1.6659775e-05,2
0,2.0516458e-07,3
0,0.99999976,1
0,1.3211757e-05,1
0,3.6055403e-06,2
0,5.3391204e-07,3
0,1.2444099e-07,3
0,6.0173024e-06,1
0,3.9318653e-05,2
0,3.880158e-07,3
0,1.2603215e-08,2
0,1.4630216e-07,3
0,3.3118035e-06,1
0,3.6202769e-06,1
0,1.5234416e-07,3
0,3.3256615e-07,3
0,2.7035196e-07,3
0,3.4442694e-06,2
0,1.2640028e-07,3
0,1.8837467e-07,3
0,3.4809122e-07,3
0,3.6243566e-06,3
0,5.320908e-07,2
0,6.424749e-07,1
0,4.4604704e-08,2
0,4.2949432e-07,1
0,9.935209e-08,2
0,3.1273346e-06,2
0,6.3179505e-07,1
0,1.0839486e-07,3
0,3.7662076e-08,3
0,0.002221438,2
0,1.0118376e-05,2
0,7.086688e-07,2
0,1.4641113e-05,1
0,4.451281e-06,2
0,9.091748e-07,1
0,1.0642876e-07,2
0,9.939361e-08,2
0,0.0005915598,1
0,3.389983e-08,3
0,3.548057e-07,3
0,6.585211e-08,2
0,1.2032436e-06,2
0,6.7226335e-07,2
0,1.09693495e-07,2
0,6.963339e-07,2
0,2.2777633e-06,2
0,5.8856088e-08,2
0,3.0921826e-06,2
0,6.875437e-07,2
0,1.3823937e-06,1
0,1.942303e-06,1
0,1.2625078e-07,3
0,1.4824256e-07,3
0,1.4132596e-07,2
0,2.433213e-07,2
0,5.9471313e-06,2
0,3.4442694e-06,2
0,2.0987228e-08,2
0,9.561622e-07,3
0,9.890192e-08,2
0,8.2266396e-08,2
0,3.1485133e-08,3
0,9.291898e-08,2
0,6.405093e-08,2
0,1.3491257e-07,3
0,4.914427e-06,2
0,4.714491e-06,2
0,1.7773979e-07,3
0,1.6489902e-07,3
0,1.9101583e-06,1
0,1.5247676e-05,2
0,1.1562304e-06,2
0,3.114041e-08,2
0,1.263669e-07,2
0,8.38856e-08,2
0,6.0727607e-06,1
0,1.6772199e-06,99
0,4.472267e-06,2
0,8.705204e-08,2
0,1.7430767e-07,3
0,3.319065e-07,3
0,2.4946526e-06,2
0,3.3727229e-06,1
0,2.752649e-06,1
0,3.673162e-05,2
0,1.4259424e-06,2
0,1.3697768e-07,2
0,1.02668864e-07,2
0,1.4198442e-06,2
0,1.5104379e-06,1
0,7.0577485e-08,2
0,1.2852495e-07,2
0,1.2201302e-07,3
0,3.335287e-06,1
0,8.4572446e-07,1
0,6.861355e-08,1
0,8.239485e-08,2
0,9.1074037e-07,2
0,6.963339e-07,2
0,3.999358e-06,1
0,6.18975e-08,2
0,4.5817723e-07,3
0,3.6089205e-08,3
0,1.1581436e-07,2
0,2.6287855e-08,2
0,2.2692718e-07,2
0,1.4023149e-07,3
0,9.003422e-08,2
0,4.0574364e-06,3
0,3.3493382e-08,2
0,1.2940272e-07,2
0,8.806676e-08,2
0,5.7895227e-06,99
0,6.8584825e-07,3
0,4.9433872e-08,3
0,3.3049507e-06,2
0,6.7777256e-07,2
0,1.0112105e-05,1
0,0.00069355057,1
0,1.1138634e-06,99
0,3.3658757e-06,1
0,6.7139918e-06,2
0,9.091748e-07,1
0,1.3297974e-07,3
0,1.4173473e-08,2
0,2.0045316e-06,1
0,7.784808e-06,2
0,5.6547282e-08,2
0,4.714877e-07,3
0,7.78593e-08,2
0,9.995383e-06,2
0,3.1010137e-07,3
0,4.346803e-06,1
0,1.3750514e-07,3
0,1.6296764e-07,2
0,1.4641113e-05,1
0,1.2925837e-05,2
0,8.7280305e-06,1
0,9.844041e-09,2
0,1.30613735e-05,1
0,6.1239353e-07,2
0,1.1478012e-07,3
0,1.7903885e-06,1
0,9.942395e-08,3
0,2.836251e-06,2
0,1.2304905e-07,3
0,2.372586e-06,2
0,0.000593958,2
0,6.7257446e-08,2
0,6.144698e-08,2
0,1.4595292e-07,3
0,3.0513586e-08,2
0,4.2207253e-07,3
0,2.0035818e-06,2
0,5.289547e-06,1
0,8.132238e-08,2
0,1.1117807e-07,2
0,1.1549829e-06,1
0,7.681085e-08,2
0,1.7933116e-05,2
0,1.960478e-07,3
0,1.6084581e-07,2
0,0.00041358336,1
0,1.679315e-07,3
0,7.6813045e-08,2
0,3.3484056e-08,2
0,5.133109e-08,2
0,7.107326e-05,2
0,2.7520214e-06,1
0,2.3210582e-06,1
0,8.3401784e-07,2
0,3.3399433e-06,2
0,9.2688566e-07,1
0,4.1676796e-07,2
0,1.828074e-05,2
0,3.3985762e-06,1
0,3.242769e-08,2
0,7.375649e-08,2
0,1.3978327e-07,3
0,2.6315179e-06,1
0,5.42855e-07,1
0,2.6101978e-07,3
0,1.3530621e-05,1
0,7.8231594e-08,3
0,3.823584e-06,2
0,3.0479032e-06,99
0,3.4210132e-06,3
0,6.659715e-07,1
0,2.5433164e-06,1
0,5.4003226e-06,2
0,9.54237e-06,1
0,6.65534e-05,1
0,2.100862e-07,2
0,5.1687703e-06,3
0,9.220642e-08,2
0,8.239753e-08,2
0,2.5258284e-06,2
0,1.2376283e-07,2
0,5.6490967e-06,2
0,7.384403e-07,1
0,3.485636e-07,3
0,6.988979e-06,1
0,5.5400017e-07,3
0,3.2929188e-07,3
0,2.627731e-06,2
0,3.880158e-07,3
0,6.138173e-07,1
0,2.9958468e-07,3
0,1.2067137e-07,3
0,4.3315147e-08,3
0,9.6875475e-08,2
0,8.9532267e-07,2
0,1.3750514e-07,3
0,1.9040145e-06,1
0,7.689382e-08,2
0,7.83592e-06,1
0,0.00013226918,2
0,3.065107e-08,3
0,1.2142971e-07,3
0,1.2356317e-07,2
0,2.6429076e-08,2
0,1.2267294e-07,2
0,1.4805969e-05,2
0,1.2374835e-06,1
0,2.2740899e-07,3
0,4.734008e-06,2
0,4.8081944e-08,3
0,9.100695e-08,2
0,6.017212e-08,2
0,1.835696e-06,1
0,3.7685645e-08,3
0,5.721041e-07,1
0,1.1279131e-07,3
0,1.1542798e-05,1
0,1.3393124e-07,3
0,5.367301e-07,3
0,9.085629e-07,1
0,2.0341096e-05,2
0,2.362311e-06,2
0,1.5033112e-07,3
0,1.1288927e-05,1
0,2.1107257e-06,1
0,1.5771493e-06,2
0,7.943538e-08,2
0,5.5299876e-07,3
0,8.919362e-08,2
0,1.488073e-07,3
0,6.720487e-08,2
0,7.573345e-08,2
0,1.3835835e-06,2
0,7.815097e-07,2
0,1.2304905e-07,3
0,5.0863665e-08,3
0,8.474038e-07,3
0,9.117997e-09,2
0,9.3608996e-08,2
0,4.3828218e-06,1
0,6.560864e-08,2
0,0.00015584068,2
0,8.916181e-08,3
0,1.7965583e-07,3
0,5.115314e-06,2
0,0.0001598857,2
0,6.024205e-08,3
0,3.8695257e-06,2
0,2.5479842e-08,2
0,1.263669e-07,2
0,8.34169e-07,2
0,2.4830992e-08,2
0,1.0373095e-06,1
0,3.369207e-08,3
0,5.09201e-06,2
0,1.040796e-07,3
0,3.297159e-06,2
0,4.5501606e-06,2
0,2.5406837e-06,2
0,5.079837e-07,1
0,4.2121687e-07,1
0,5.4856713e-07,3
0,4.2997993e-08,3
0,1.3631228e-07,2
0,2.7395748e-08,2
0,1.659087e-05,1
0,9.9174315e-08,2
0,8.318852e-08,3
0,5.162446e-07,3
0,8.150258e-07,2
0,2.5633371e-06,3
0,9.66711e-07,2
0,4.8445386e-06,2
0,5.4353617e-08,3
0,4.470265e-07,1
0,7.152379e-08,2
0,1.1992524e-06,1
0,1.0117338e-07,2
0,1.322862e-07,3
0,3.0647975e-08,2
0,1.9984027e-08,2
0,9.283359e-08,2
0,1.0416117e-08,2
0,7.0308084e-07,1
0,1.4278517e-06,1
0,2.5280764e-07,3
0,1.9984027e-08,2
0,3.5071185e-08,3
0,6.722236e-07,3
0,2.7407559e-08,3
0,8.783728e-08,2
0,1.0243551e-07,2
0,2.2215039e-07,3
0,1.4112958e-07,2
0,1.0621845e-07,3
0,3.524124e-08,2
0,7.703592e-08,3
0,5.8581925e-08,3
0,3.7612683e-08,2
0,7.245182e-07,3
0,7.037638e-08,2
0,1.3039177e-07,3
0,3.0993274e-06,1
0,7.962999e-07,1
0,5.3010027e-08,2
0,2.6289266e-07,3
0,5.115314e-06,2
0,7.703592e-08,3
0,4.55427e-08,2
0,1.3663441e-07,2
0,3.880158e-07,3
0,4.640553e-08,3
0,1.4784682e-07,3
0,5.721041e-07,1
0,1.9547999e-08,2
0,1.7867327e-05,2
0,1.1070745e-07,3
0,3.3178015e-08,3
0,1.4217181e-06,2
0,4.8569728e-08,2
0,8.269119e-06,2
0,1.557439e-07,2
0,2.2585816e-08,2
0,7.453089e-08,2
0,5.367301e-07,3
0,9.067071e-07,3
0,5.279787e-07,3
0,6.0738384e-06,2
0,9.071632e-08,3
0,4.1952907e-07,2
0,1.4519671e-05,2
0,9.033457e-08,2
0,6.65534e-05,1
0,6.668887e-08,2
0,2.5626844e-06,1
0,1.388352e-07,3
0,9.599961e-07,2
0,1.175739e-07,2
0,5.115314e-06,2
0,9.117997e-09,2
0,4.050211e-08,3
0,0.9999999,1
0,3.0595352e-08,2
0,7.733109e-06,1
0,4.2455513e-06,2
0,3.1690545e-06,2
0,3.0927435e-08,2
0,3.2759306e-06,1
0,5.7463087e-08,2
0,4.1676796e-07,2
0,2.9031341e-06,2
0,4.0360604e-08,3
0,2.381132e-06,2
0,3.1840834e-06,1
0,7.216e-07,3
0,2.870965e-06,2
0,9.2885486e-08,1
0,1.1627201e-06,1
0,1.5587734e-06,2
0,5.9578493e-08,2
0,5.4856713e-07,3
0,0.9999999,1
0,1.6468702e-07,2
0,5.0348226e-06,2
0,9.1621416e-08,2
0,1.381005e-06,1
0,9.781772e-09,2
0,3.4776115e-06,1
0,3.1609885e-05,1
0,8.704805e-08,2
0,7.703592e-08,3
0,1.0646246e-05,2
0,2.2929333e-08,3
0,2.4758475e-07,3
0,3.9690935e-06,2
0,3.9945053e-06,2
0,3.284596e-06,3
0,9.890192e-08,2
0,3.3118035e-06,1
0,1.0,1
0,9.879463e-06,1
0,6.090417e-08,2
0,1.5531954e-05,2
0,1.16399775e-07,3
0,4.2204824e-06,2
0,6.5234296e-08,2
0,4.0260456e-06,1
0,2.0395403e-06,2
0,6.668887e-08,2
0,5.8660742e-08,2
0,8.376664e-08,2
0,1.9687342e-08,2
0,1.468585e-07,3
0,1.3053423e-07,3
0,1.9088439e-07,3
0,1.2491326e-07,3
0,3.242301e-06,1
0,1.2035822e-06,2
0,9.3308095e-08,3
0,5.7366833e-06,2
0,1.3750514e-07,3
0,1.4477652e-06,2
0,2.6075227e-07,3
0,1.1098595e-06,1
0,5.511708e-08,3
0,5.0863665e-08,3
0,9.892098e-08,3
0,2.0504055e-07,3
0,1.2539115e-07,3
0,3.3699582e-06,1
0,9.360151e-08,2
0,2.0057344e-08,2
0,8.078329e-06,2
0,3.2551338e-06,2
0,3.552297e-06,1
0,1.4217181e-06,2
0,2.230208e-06,1
0,1.0494133e-07,3
0,1.6906793e-07,2
0,4.8846396e-06,2
0,1.2093807e-07,3
0,2.0974582e-08,2
0,4.848902e-06,2
0,1.7055442e-07,3
0,3.1367647e-06,2
0,1.697735e-06,99
0,1.209315e-07,3
0,8.560932e-06,2
0,7.95984e-07,1
0,1.0442102e-07,2
0,5.7538277e-06,2
0,8.8327e-08,2
0,1.636242e-05,1
0,7.612405e-08,2
0,1.0024254e-07,2
0,1.6530936e-06,2
0,8.1313846e-07,1
0,5.1703178e-06,2
0,2.9682367e-05,2
0,1.4828203e-06,1
0,3.65887e-06,2
0,5.233067e-07,3
0,7.279605e-08,2
0,4.387433e-07,1
0,7.8244874e-08,2
0,8.123424e-07,3
0,0.99999976,1
0,5.367301e-07,3
0,2.5801033e-05,1
0,4.2862148e-08,2
0,1.5996102e-07,3
0,4.03026e-06,2
0,7.6023216e-06,2
0,0.0002621236,2
0,7.01396e-08,2
0,4.099893e-08,3
0,2.3492909e-07,3
0,1.6952968e-07,3
0,1.8742084e-07,3
0,1.5312593e-05,2
0,8.373086e-08,2
0,2.7716358e-06,2
0,4.1440614e-08,2
0,2.3330653e-08,3
0,5.275162e-08,2
0,0.00019490454,1
0,3.3050117e-05,2
0,1.3557616e-05,1
0,9.027192e-06,2
0,7.7434464e-07,1
0,4.59597e-06,2
0,4.3074397e-06,1
0,5.115314e-06,2
0,9.8150984e-08,3
0,3.3801538e-07,3
0,6.6677244e-06,1
0,3.5707571e-06,2
0,1.0061683e-07,2
0,3.468144e-08,2
0,3.2475077e-07,1
0,6.671857e-07,3
0,5.4781697e-08,3
0,3.1496068e-08,2
0,1.1595183e-05,2
0,2.36415e-06,2
0,4.287967e-06,1
0,8.7439577e-07,3
0,6.446549e-07,3
0,1.6905373e-07,3
0,6.150819e-08,3
0,1.2252679e-07,2
0,1.3472988e-05,1
0,4.7785825e-08,2
0,3.3178015e-08,3
0,2.475794e-06,1
0,1.5896449e-06,2
0,1.9344176e-07,3
0,4.1907594e-08,2
0,9.68702e-06,2
0,5.6075083e-07,3
0,9.389212e-07,2
0,1.3968228e-06,1
0,2.2315645e-07,3
0,1.0909263e-06,2
0,1.7059326e-06,1
0,5.488138e-06,2
0,1.981331e-05,1
0,7.1608696e-08,2
0,1.2641692e-07,1
0,1.0416117e-08,2
0,7.493099e-08,2
0,1.6850566e-06,2
0,4.4865285e-08,3
0,9.699821e-07,3
0,0.00046039076,1
0,5.9181755e-08,2
0,2.7749836e-08,2
0,1.6736802e-05,1
0,1.0134232e-05,1
0,5.83409e-07,1
0,6.144117e-07,99
0,5.596898e-07,3
0,1.00906476e-07,3
0,8.6047535e-08,2
0,1.4945493e-05,1
0,1.6807531e-05,2
0,3.769996e-07,99
0,8.8387665e-08,2
0,1.2771024e-07,2
0,2.4909166e-08,2
0,4.510585e-06,2
0,1.0335083e-07,2
0,3.3941404e-07,3
0,2.6164034e-06,1
0,1.2943637e-05,2
0,1.92608e-06,1
0,4.8515012e-08,3
0,5.4274216e-07,3
0,2.2585816e-08,2
0,5.374549e-08,3
0,1.6296764e-07,2
0,2.9077398e-07,3
0,1.2466192e-07,3
0,1.4477652e-06,2
0,4.209372e-06,2
0,7.854848e-07,3
0,4.6799087e-06,2
0,1.1024624e-06,3
0,0.00013838228,2
0,6.8529445e-08,2
0,3.701015e-06,2
0,4.8857396e-07,3
0,1.4538473e-07,2
0,1.05969754e-07,3
0,4.948203e-06,2
0,3.0821755e-06,2
0,1.0820178e-06,2
0,2.372586e-06,2
0,1.41105e-05,2
0,8.395747e-08,2
0,6.585211e-08,2
0,5.3852826e-08,2
0,8.781918e-08,2
0,3.7266745e-06,2
0,5.100872e-08,3
0,9.991041e-08,2
0,3.0029717e-06,1
0,1.1697465e-07,2
0,3.3289948e-06,2
0,5.5400017e-07,3
0,1.4460705e-05,2
0,6.866631e-08,2
0,1.0621845e-07,3
0,4.21697e-06,2
0,1.060693e-06,2
0,1.8837467e-07,3
0,8.85907e-08,3
0,1.5929758e-07,2
0,1.5202748e-07,3
0,6.644819e-07,1
0,6.8529445e-08,2
0,8.2362014e-08,2
0,1.0980967e-07,2
0,0.00017750125,2
0,6.188074e-08,2
0,2.0635857e-08,2
0,9.584166e-08,2
0,4.876364e-08,3
0,3.880158e-07,3
0,4.495876e-06,2
0,4.498531e-06,2
0,1.0048757e-07,3
0,7.997489e-06,2
0,1.0445513e-06,2
0,0.0003658555,1
0,1.1824858e-07,3
0,8.4339305e-08,2
0,1.0621845e-07,3
0,8.3316024e-08,2
0,1.2267294e-07,2
0,1.1618506e-05,1
0,0.00030334134,1
0,9.237947e-08,2
0,8.653801e-08,2
0,9.031171e-07,2
0,1.18418534e-07,2
0,3.9704992e-07,2
0,8.2324453e-07,2
0,2.3179916e-07,2
0,2.195186e-06,1
0,1.9168505e-07,3
0,7.23749e-08,2
0,1.2263449e-06,99
0,4.2189708e-07,2
0,2.7972158e-07,2
0,3.2016726e-07,3
0,4.0713914e-07,99
0,1.8121746e-05,2
0,1.578636e-07,3
0,3.2161957e-08,2
0,2.8263846e-06,1
0,7.251684e-06,99
0,3.3992208e-06,1
0,1.9163747e-06,1
0,1.8671597e-07,3
0,3.5615264e-07,3
0,7.8259355e-08,3
0,8.959961e-08,2
0,1.9631102e-07,3
0,8.838556e-05,1
0,8.351239e-06,1
0,5.9578493e-08,2
0,2.1156108e-08,2
0,0.00012034837,2
0,1.44221e-07,3
0,7.749607e-07,1
0,4.7944944e-08,2
0,0.035685543,2
0,1.5371645e-05,1
0,1.8871e-07,3
0,2.528824e-07,3
0,3.8686557e-07,3
0,5.1751048e-08,2
0,4.7300906e-05,1
0,2.832826e-06,99
0,1.668318e-05,1
0,2.4939672e-07,3
0,1.0750395e-07,2
0,2.6986486e-06,2
0,1.4259424e-06,2
0,1.6449725e-07,3
0,1.2251993e-06,1
0,4.5243618e-05,1
0,1.18079415e-05,1
0,3.042667e-06,2
0,9.57196e-07,1
0,9.7516725e-08,2
0,5.3268785e-08,3
0,4.1418172e-08,2
0,1.3256292e-07,3
0,3.3178015e-08,3
0,3.0968968e-07,3
0,9.724443e-06,2
0,4.1676796e-07,2
0,7.515677e-05,2
0,3.98277e-06,2
0,5.9306043e-08,2
0,1.2517228e-05,2
0,1.60139e-07,3
0,3.4198686e-06,1
0,4.9513606e-06,2
0,1.4635693e-08,2
0,9.459068e-06,2
0,3.4626655e-07,3
0,2.4370937e-07,3
0,3.6913527e-06,2
0,6.2511845e-08,2
0,3.894649e-06,3
0,2.5255683e-06,2
0,5.3698358e-08,2
0,7.612405e-08,2
0,1.3881001e-05,1
0,6.161774e-08,2
0,4.8073158e-05,2
0,4.528652e-07,3
0,8.132238e-08,2
0,6.7226335e-07,2
0,2.0750354e-06,1
0,1.17307664e-07,3
0,4.4851043e-07,3
0,7.101839e-05,2
0,7.631871e-08,2
0,5.50518e-06,2
0,1.3393124e-07,3
0,1.02735655e-07,3
0,7.466444e-06,1
0,3.3699582e-06,1
0,5.028504e-07,2
0,5.663569e-07,2
0,4.7456994e-09,3
0,1.8978325e-08,2
0,9.239709e-08,3
0,1.1779133e-06,2
0,4.5246725e-05,2
0,4.7852676e-08,2
0,1.0761841e-07,3
0,4.848902e-06,2
0,7.031212e-08,2
0,8.210572e-08,2
0,1.4007785e-05,2
0,4.8228907e-07,3
0,1.733827e-06,3
0,3.880158e-07,3
0,4.2162313e-08,3
0,0.0052380115,2
0,8.210243e-08,2
0,3.0268188e-06,1
0,2.2110937e-08,2
0,0.015643716,2
0,8.111914e-08,2
0,2.621901e-07,3
0,1.579077e-07,3
0,1.8875874e-06,3
0,1.3646095e-07,3
0,1.6106798e-05,1
0,5.4274216e-07,3
0,6.6685814e-08,2
0,1.3227424e-07,3
0,7.814687e-07,1
0,7.4815616e-06,1
0,2.3251148e-06,99
0,5.1806733e-06,2
0,8.009353e-08,3
0,3.2375613e-06,1
0,6.090417e-08,2
0,1.2386296e-07,2
0,2.1475907e-06,1
0,3.7949544e-06,1
0,2.427786e-08,3
0,9.222735e-08,2
0,1.2221227e-07,2
0,1.4347516e-05,2
0,3.7870366e-06,2
0,9.003422e-08,2
0,4.4025026e-05,2
0,1.6028706e-06,1
0,1.2664111e-07,3
0,1.0953147e-07,3
0,6.1273704e-07,99
0,1.2489713e-08,2
0,1.8367594e-07,3
0,8.388912e-08,3
0,9.5762e-08,2
0,8.30102e-08,2
0,2.5342806e-06,3
0,2.0157064e-07,3
0,2.6225614e-06,1
0,3.6268804e-07,3
0,1.6434844e-06,2
0,8.165344e-08,2
0,3.2409113e-07,2
0,5.0863665e-08,3
0,5.7189523e-06,2
0,6.991105e-06,1
0,3.3117132e-08,3
0,3.2965378e-05,2
0,5.3567696e-06,1
0,1.0,1
0,5.9373957e-07,3
0,5.9578493e-08,2
0,2.9102584e-06,1
0,3.3394274e-06,1
0,6.708013e-08,2
0,9.510434e-08,2
0,0.0010877433,1
0,1.4575859e-05,1
0,9.056608e-08,2
0,5.115314e-06,2
0,2.4562999e-06,2
0,4.2521208e-08,2
0,2.2994273e-06,1
0,8.8975796e-08,2
0,8.298367e-07,1
0,5.781516e-07,1
0,4.5228515e-07,2
0,2.6225614e-06,1
0,4.9911467e-08,2
0,0.00047081904,1
0,2.0561226e-06,1
0,8.124053e-08,2
0,3.2340104e-08,2
0,1.2629124e-07,3
0,2.1319918e-06,3
0,2.0593725e-06,99
0,1.7421725e-06,99
0,7.5694466e-08,3
0,4.1986723e-08,2
0,2.193585e-06,2
0,2.649464e-08,3
0,1.6114969e-07,2
0,7.493099e-08,2
0,1.2747896e-06,1
0,8.422388e-08,2
0,2.5654626e-06,3
0,4.5017496e-06,2
0,9.141637e-07,3
0,5.6651896e-08,2
0,1.2763304e-07,3
0,2.8864156e-06,2
0,1.16288035e-07,2
0,3.2248508e-08,3
0,7.24097e-08,2
0,4.3723154e-05,2
0,8.713276e-07,1
0,1.7748116e-07,2
0,1.0750395e-07,2
0,1.3835835e-06,2
0,5.575317e-08,2
0,4.3129162e-08,2
0,3.3049507e-06,2
0,2.5532898e-07,2
0,5.742623e-06,2
0,9.449515e-07,2
0,0.9999869,1
0,1.0,1
0,4.470265e-07,1
0,8.6945015e-08,2
0,1.7872033e-08,2
0,5.667751e-07,2
0,8.316468e-06,1
0,1.5715251e-07,3
0,1.78912e-08,2
0,9.166861e-08,3
0,1.946091e-06,1
0,2.812951e-07,3
0,9.807874e-08,2
0,4.5817723e-07,3
0,3.5652276e-06,2
0,4.0091532e-08,2
0,1.4281713e-07,3
0,2.9400155e-07,3
0,3.6478427e-06,2
0,1.8329008e-07,3
0,2.5181153e-06,1
0,1.9516035e-06,99
0,5.2501155e-06,2
0,1.03191866e-07,2
0,1.0239e-07,2
0,2.1067527e-07,1
0,5.2672597e-08,3
0,1.292742e-07,2
0,2.802059e-05,1
0,3.3941404e-07,3
0,1.3785245e-06,2
0,6.492948e-07,1
0,1.774816e-05,2
0,1.7613285e-08,2
0,3.4853808e-06,2
0,7.376506e-07,1
0,1.3308966e-06,1
0,1.9168505e-07,3
0,1.00665396e-07,2
0,6.3765634e-07,3
0,3.0701242e-06,1
0,2.951029e-06,2
0,2.268987e-06,1
0,6.2230964e-07,3
0,1.0864891e-05,2
0,2.1723713e-06,2
0,4.7350095e-05,2
0,1.18860356e-07,2
0,3.2929188e-07,3
0,2.1207992e-05,2
0,7.859097e-06,1
0,5.981031e-08,2
0,2.1002402e-06,2
0,1.3750514e-07,3
0,5.2929816e-05,1
0,1.07381396e-07,2
0,1.4217181e-06,2
0,3.9626716e-08,3
0,3.1311606e-06,2
0,3.445097e-06,2
0,5.068315e-08,3
0,5.4038364e-06,2
0,1.1840662e-06,99
0,7.9828304e-08,2
0,1.5516748e-07,3
0,8.136425e-06,2
0,2.5168904e-07,3
0,8.73161e-08,2
0,6.196895e-06,2
0,9.990513e-07,2
0,3.3099407e-06,2
0,3.9945937e-07,3
0,1.3978327e-07,3
0,2.3043096e-06,2
0,5.6418558e-06,2
0,3.5394017e-08,3
0,3.894649e-06,3
0,8.301052e-08,3
0,8.5411465e-08,1
0,2.0587329e-07,3
0,3.1496068e-08,2
0,4.1079676e-07,2
0,1.5920753e-06,2
0,5.4953553e-06,2
0,1.3504915e-07,3
0,1.5226021e-07,2
0,1.4891408e-06,1
0,4.470265e-07,1
0,5.3610875e-06,2
0,4.1064354e-08,3
0,1.224755e-07,3
0,1.8983667e-06,1
0,1.3750514e-07,3
0,1.6525293e-07,3
0,2.30367e-06,2
0,6.324425e-08,2
0,7.3380534e-06,2
0,3.268925e-08,2
0,6.18975e-08,2
0,6.1655696e-06,2
0,4.7410555e-07,3
0,2.671388e-07,3
0,6.2202703e-06,2
0,1.0229845e-07,3
0,1.7120838e-07,3
0,1.2720324e-07,2
0,1.8979163e-07,3
0,4.484762e-07,3
0,1.3750514e-07,3
0,1.2459375e-06,1
0,2.169479e-06,3
0,8.0362696e-08,2
0,2.8219674e-05,1
0,6.8475225e-07,2
0,2.7007522e-05,1
0,2.6621615e-06,1
0,8.9961495e-06,1
0,1.263669e-07,2
0,1.97026e-07,3
0,4.2189708e-07,2
0,5.718706e-07,3
0,2.3629354e-06,2
0,1.2938071e-05,2
0,4.098838e-08,3
0,2.6156301e-06,1
0,2.0700547e-06,1
0,0.00014712926,2
0,2.7368431e-08,3
0,3.947343e-08,3
0,3.2968917e-06,2
0,1.7690369e-05,1
0,7.336097e-08,2
0,7.432986e-08,2
0,9.961053e-08,2
0,6.5355985e-06,2
0,2.7627502e-06,1
0,3.1648735e-05,2
0,8.6235144e-07,2
0,3.0104786e-06,1
0,1.9631584e-06,1
0,7.644998e-08,3
0,1.2161669e-06,1
0,5.9220714e-08,2
0,8.1849294e-08,3
0,3.4800294e-07,3
0,3.2016726e-07,3
0,4.5657566e-06,1
0,2.4379531e-08,2
0,2.3310272e-06,2
0,5.3817266e-06,2
0,7.612405e-08,2
0,5.4856713e-07,3
0,7.837228e-08,2
0,5.781516e-07,1
0,2.3688558e-06,2
0,2.3663457e-08,2
0,1.6075226e-07,3
0,7.3877715e-08,2
0,1.7724193e-05,2
0,3.0098192e-07,3
0,3.120117e-08,1
0,5.0692565e-06,2
0,1.4789534e-07,2
0,3.2929188e-07,3
0,1.4811087e-06,2
0,2.0263294e-06,2
0,6.912155e-07,1
0,1.5988019e-07,2
0,9.544154e-06,2
0,4.8472184e-08,2
0,1.0207665e-07,2
0,4.6651417e-06,3
0,2.3736634e-06,2
0,6.0542e-07,2
0,2.8540306e-05,1
0,4.1676796e-07,2
0,1.1504225e-07,3
0,1.2644067e-05,1
0,5.455238e-06,2
0,4.3654086e-07,2
0,8.747463e-08,2
0,1.7162932e-06,1
0,2.8976856e-07,3
0,2.8647428e-06,2
0,6.0918694e-08,2
0,4.677015e-05,2
0,6.558299e-08,3
0,3.8961505e-07,3
0,1.6700055e-07,2
0,5.262043e-07,3
0,2.8168618e-06,1
0,2.185796e-06,1
0,4.4833897e-07,3
0,1.2756634e-05,1
0,2.665947e-07,2
0,6.536409e-06,1
0,2.7716358e-06,2
0,2.1792523e-08,3
0,1.6119394e-07,3
0,1.16246916e-07,3
0,4.6146356e-06,1
0,1.8061887e-07,2
0,2.0128396e-06,2
0,9.368616e-08,2
0,5.718402e-06,2
0,2.0578086e-07,3
0,2.7520214e-06,1
0,7.5277205e-07,2
0,3.3412924e-08,3
0,7.827145e-08,2
0,5.883925e-07,3
0,0.008256771,2
0,1.17044e-06,2
0,1.933014e-07,3
0,1.14239434e-07,2
0,4.8729844e-06,1
0,1.1364711e-07,3
0,8.959961e-08,2
0,4.8968037e-08,3
0,1.2426204e-07,2
0,8.197393e-06,3
0,9.170207e-07,1
0,1.3309891e-06,1
0,1.92608e-06,1
0,9.935209e-08,2
0,1.3454062e-05,1
0,1.0442041e-07,3
0,3.1471686e-08,3
0,1.2977756e-07,2
0,1.0427671e-07,3
0,2.2409967e-08,3
0,1.2410429e-07,3
0,3.361138e-06,2
0,8.239753e-08,2
0,1.5935239e-08,2
0,8.536929e-08,3
0,1.2449804e-08,1
0,7.014976e-08,2
0,2.5469586e-05,2
0,1.1243502e-05,1
0,2.0907706e-07,2
0,4.1792735e-08,2
0,3.0807954e-07,2
0,9.5206524e-08,3
0,8.810548e-06,1
0,1.7329279e-07,3
0,2.7834903e-05,1
0,7.483324e-06,2
0,1.00651e-07,3
0,3.0256813e-05,2
0,4.3904318e-05,2
0,2.4286383e-08,3
0,2.5490368e-07,1
0,8.825105e-08,2
0,1.7149861e-07,2
0,1.4641113e-05,1
0,2.3849736e-08,2
0,3.119986e-08,2
0,2.8215777e-06,2
0,4.639019e-06,2
0,8.797358e-08,2
0,1.7584288e-06,3
0,3.3029256e-08,2
0,2.7231832e-07,3
0,2.1435271e-06,3
0,1.1841163e-05,2
0,3.3254535e-06,2
0,2.9085961e-06,1
0,5.133425e-06,2
0,3.3795242e-08,3
